country,1962,1963,1964,1965,1966,1967,1968,1969,1970,1971,1972,1973,1974,1975,1976,1977,1978,1979,1980,1981,1982,1983,1984,1985,1986,1987,1988,1989,1990,1991,1992,1993,1994,1995,1996,1997,1998,1999,2000,2001,2002,2003,2004,2005,2006,2007,2008,2009,2010,2011,2012,2013,2014,2015,2016,2017,2018,2019,2020
Afghanistan,,,,,,,,,,,,,,28.9,32.4,35.8,39.3,42.8,46.2,49.7,53.2,56.6,60.1,63.6,67,70.5,69.1,67.6,66.2,64.8,63.3,61.9,60.5,59,57.6,56.2,54.8,54.8,54.8,54.8,54.8,54.8,54.8,54.8,54.8,54.8,54.8,54.8,54.8,54.8,54.8,54.8,54.8,54.8,54.8,54.8,54.8,54.8,54.8
Angola,,,,,,,,,,,,,,,,,,,,,,,,,,1.27,1.31,1.34,1.37,1.4,1.44,1.47,1.5,1.54,1.57,1.6,1.63,1.67,1.7,1.73,1.77,1.8,1.84,1.87,1.87,1.87,1.87,1.87,1.87,1.87,1.87,1.87,1.87,1.87,1.87,1.87,1.87,1.87,1.87
Albania,,,,,,,,,,,,,,,,,,,,,,,,,,,,,7.21,7.16,7.11,7.06,7.01,6.96,7.78,8.6,9.41,10.2,11,10.5,9.99,9.47,8.94,8.42,7.65,7.5,7.35,7.2,7.05,6.91,6.76,6.61,6.46,5.53,6.56,6.56,5.76,6.8,4.72
UAE,,,,,,,,,,,,,,,,,,,600,654,707,761,815,868,922,976,1030,1080,1030,1050,1080,1100,1120,1150,1250,1360,1470,1570,1560,1530,1500,1470,1670,1870,1850,1830,1820,1800,1780,1760,1750,1730,1710,1700,1680,1630,1670,1630,1590
Argentina,,,,,,,,,,,,,,,7.66,7.67,7.69,7.7,7.71,7.73,7.74,7.76,7.77,7.79,7.8,7.81,7.83,7.84,7.86,7.87,7.89,7.9,7.91,7.93,8.03,8.13,8.23,8.33,8.42,8.61,8.79,8.98,9.16,9.35,9.53,9.72,9.9,10.1,10.3,10.5,10.5,10.5,10.5,10.5,10.5,10.5,10.5,10.5,10.5
Armenia,,,,,,,,,,,,,,,,,,,,,,,,,,,,,,,,64.5,60.2,51.1,45.9,37.3,40.2,39.7,37.7,34.8,34.9,39.9,50.5,55.9,57,60.8,58,49.7,42.9,49.2,59.3,59.6,57.7,66,64.2,57.8,54.8,57.8,57.1
Antigua and Barbuda,,,,,,,,,,,,,,,,,,,,,,,,,,,,,3.27,3.71,4.14,4.58,5.01,5.45,5.88,6.32,6.76,7.19,7.63,8.06,8.5,8.94,9.37,9.81,9.62,9.42,9.23,9.04,8.85,8.65,8.46,8.46,8.46,8.46,8.46,8.46,8.46,8.46,8.46
Australia,,,,,,,,,,,,,,,,,,,,,,,,,,,,,,,,7.46,8.49,7.98,8.91,8.82,8.77,8.73,8.71,8.66,8.38,8.1,7.81,7.53,7.06,6.59,6.11,5.64,5.3,5.31,6.38,7.7,7.42,3.71,4.27,4.85,4.96,4.23,3.47
Austria,,,,,,,,,,,,,,,,,,,9.23,9.36,9.49,9.62,9.75,9.88,10,10.1,10.3,10.4,10.5,10.3,10.1,9.92,9.72,9.52,9.79,10.1,10.1,10.1,10,9.97,9.88,9.85,9.82,9.79,9.76,9.73,9.7,9.67,9.64,9.64,9.64,9.64,9.64,9.64,9.64,9.64,9.64,9.64,9.64
Azerbaijan,,,,,,,,,,,,,,,,,,,,,,,,,,,,,,,71.5,72.1,64.6,61.7,59.4,55.3,45.2,52.9,48.5,43.8,43.8,46.4,49.3,52.1,53.6,53.4,50.9,49.2,48.4,49.9,52.9,53,51.2,51.6,52.5,53.5,53.7,55.6,55.6
Burundi,,,,,,,,,,,,,,,,,,,,,,,,,,3.64,4.17,4.69,5.22,5.74,6.27,6.8,7.32,7.85,8.38,8.9,9.43,9.95,10.5,10.4,10.4,10.3,10.3,10.2,10.2,10.2,10.2,10.2,10.2,10.2,10.2,10.2,10.2,10.2,10.2,10.2,10.2,10.2,10.2
Belgium,,,,,,,,,,,,,,,,,,,111,110,110,109,108,108,107,106,106,105,105,104,103,103,102,101,97.9,94.5,93.8,93.2,92.5,87.6,82.7,81.3,79.9,78.5,77.4,76.3,75.3,73.7,73.1,62.4,65.1,59.3,56,49.1,51.5,54,51.3,51.6,51.6
Benin,,,,,,,,,,,,,,,,,,,,,,,,0.825,0.861,0.897,0.934,0.97,1.01,1.04,1.08,1.11,1.15,1.13,1.1,1.08,1.05,1.03,1,0.975,0.975,0.975,0.975,0.975,0.975,0.975,0.975,0.975,0.975,0.975,0.975,0.975,0.975,0.975,0.975,0.975,0.975,0.975,0.975
Burkina Faso,,,,,,,,,,,,,,,,,,,,,,,,2.77,2.89,3.01,3.12,3.24,3.36,3.48,3.59,3.78,3.96,4.15,4.33,4.51,5.54,5.87,6.2,6.52,6.85,7.17,7.5,7.82,7.82,7.82,7.82,7.82,7.82,7.82,7.82,7.82,7.82,7.82,7.82,7.82,7.82,7.82,7.82
Bangladesh,,,,,,,,,,,,,,,,,,,,,,,,,,,,,,,,,,,,,,,,,,,,,,,5.72,5.72,5.72,5.72,5.72,5.72,5.72,5.72,5.72,5.72,5.72,5.72,5.72
Bulgaria,,,,,,,,,,,,,,,,,,,105,105,105,104,104,104,100,96.3,92.4,88.5,56.4,55.2,54.1,53,51.9,50.8,49.7,48.6,47.5,46.4,45.3,43.1,48.7,48.1,47.6,47,46.4,45.8,47.5,45.2,44.1,47.2,42.2,40.4,39.7,41.6,42.1,41.8,40.1,40.1,37.5
Bahrain,,,,,,,,,,,,,,,,,,,,,,,,,,,,,168,171,179,188,197,205,214,223,231,240,249,235,221,206,201,196,192,187,182,178,173,168,164,159,154,137,134,134,134,134,134
Bosnia and Herzegovina,,,,,,,,,,,,,,,,,,,,,,,,,,,,,,,,,,,,,,,2.47,2.48,2.49,2.51,2.52,2.51,2.53,2.59,2.6,2.85,2.89,2.81,2.91,2.89,2.74,2.78,2.79,2.66,2.07,2.03,2
Belarus,,,,,,,,,,,,,,,,,,,,,,,,,,,,,,,,,,6.53,6.43,6.34,6.24,6.15,6.05,5.97,5.88,5.8,5.71,5.62,5.52,5.41,5.31,5.21,5.1,5.06,5.03,4.99,5.18,4.77,4.79,4.6,4.58,4.48,4.38
Belize,,,,,,,,,,,,,,,,,,,,,,,,,,0.25,0.288,0.327,0.365,0.404,0.442,0.481,0.602,0.722,0.83,0.937,1.05,1.15,1.26,1.26,1.26,1.26,1.26,1.26,1.26,1.26,1.26,1.26,1.26,1.26,1.26,1.26,1.26,1.26,1.26,1.26,1.26,1.26,1.26
Bolivia,,,,,,,,,,,,,,,,,,,,,,,,,,0.699,0.732,0.766,0.799,0.833,0.866,0.9,0.933,0.967,1,1.03,1.07,1.1,1.11,1.12,1.13,1.13,1.14,1.15,1.16,1.17,1.18,1.18,1.18,1.18,1.18,1.18,1.18,1.18,1.18,1.18,1.18,1.18,1.18
Brazil,,,,,,,,,,,,,,,,,,,,,,,,,,1.66,1.76,1.86,1.97,2.07,2.18,2.28,2.39,2.49,2.59,2.61,2.62,2.64,2.65,2.67,2.68,2.7,2.71,2.73,2.74,2.94,3.14,3.34,3.54,3.42,3.3,3.19,3.07,3.02,3.14,3.11,1.46,1.48,1.48
Barbados,37.5,39.4,41.3,43.1,45,46.9,48.8,50.6,52.5,54.4,56.3,58.1,60,61.9,63.8,65.6,67.5,69.4,71.3,73.1,75,76.9,78.8,80.6,82.5,84.4,86.3,88.1,90,91.9,93.8,95.6,97.5,99.4,101,101,101,101,101,101,101,101,101,87.5,87.5,87.5,87.5,87.5,87.5,87.5,87.5,87.5,87.5,87.5,87.5,87.5,87.5,87.5,87.5
Brunei,,,,,,,,,,,,,,,,,,,,,,,,,,,,,,2.86,3.06,3.27,3.47,3.47,3.47,3.47,3.47,3.47,3.47,3.47,3.47,3.47,3.47,3.47,3.47,3.47,3.47,3.47,3.47,3.47,3.47,3.47,3.47,3.47,3.47,3.47,3.47,3.47,3.47
Bhutan,,,,,,,,,,,,,,,,,,,,,,,,,,,,,,,,,,,,,,,,,,,,,,,1.41,1.41,1.41,1.41,1.41,1.41,1.41,1.41,1.41,1.41,1.41,1.41,1.41
Botswana,,,,,,,,,,,,,,,,,,,,,,,,0.941,0.975,1.01,1.04,1.08,1.11,1.15,1.18,1.29,1.39,1.5,1.61,1.71,1.82,1.92,2.03,2.03,2.03,2.04,2.04,2.04,2.05,2.05,2.05,2.06,2.06,2.06,2.03,2,1.96,1.96,2.1,2.02,2.13,2.11,2.31
Central African Republic,,,,,,,,,,,,,,,,,,,,,,,,,,0.0898,0.106,0.123,0.14,0.156,0.173,0.19,0.206,0.223,0.24,0.256,0.273,0.29,0.306,0.312,0.318,0.324,0.33,0.336,0.336,0.336,0.336,0.336,0.336,0.336,0.336,0.336,0.336,0.336,0.336,0.336,0.336,0.336,0.336
Canada,,,,,,,,,,,,,,,,,,,,,,,,,4.35,4.41,4.47,4.52,4.58,4.64,4.58,4.53,4.47,4.41,4.35,4.34,4.33,4.32,4.31,4.31,4.3,4.29,4.28,4.27,4.26,4.26,4.13,4,3.83,3.67,3.75,3.84,3.76,3.68,3.71,3.73,3.73,3.73,3.73
Switzerland,,,,,,,,,,,,,,9.91,9.9,9.89,9.89,9.88,9.87,9.92,9.96,10,10,10.1,10.1,10.1,10.2,10.2,10.2,10.3,10.3,10.2,10.1,9.97,9.86,9.76,9.73,9.7,9.66,9.63,9.6,9.41,9.21,9.02,8.82,8.62,8.43,8.23,8.04,7.84,7.63,6.56,6.5,6.51,6.5,6.5,6.5,6.5,6.5
Chile,,,,,,,,,,,,,,,,,,,,,,,,,,,,,,,5.15,5.43,5.7,5.98,6.25,6.52,6.8,7.07,7.35,7.62,7.9,8.16,8.43,8.71,8.98,8.98,8.98,8.98,8.98,8.98,8.98,8.98,8.98,8.98,8.98,8.98,8.98,8.98,8.98
China,,,,,,,,,,,,,,,,,,,32.4,33,33.6,34.2,34.9,35.1,35.4,35.7,36,36.2,36.5,37.1,37.8,38.4,38.6,38.9,39.2,39.4,39.7,40,40.2,40.3,40.3,40.4,40.4,40.5,41.5,41.5,42.1,42.6,42.9,43.5,43.7,44,43.3,43.2,44.1,43.5,43.3,44,41.5
Cote d'Ivoire,,,,,,,,,,,,,,,,,,,,,,,,,,3.1,3.67,4.25,4.82,4.96,5.11,5.25,5.39,5.52,5.65,5.78,5.91,6.04,6.17,6.29,6.41,6.54,6.66,6.78,6.59,6.4,6.21,6.02,5.84,5.65,5.46,5.28,5.09,5.09,5.09,5.09,5.09,5.09,5.09
Cameroon,,,,,,,,,,,,,,,,,,,,,,,,,,0.568,0.569,0.57,0.571,0.572,0.573,0.675,0.776,0.878,0.98,1.08,1.18,1.28,1.39,1.42,1.46,1.49,1.53,1.56,1.56,1.56,1.56,1.56,1.56,1.56,1.56,1.56,1.56,1.56,1.56,1.56,1.56,1.56,1.56
"Congo, Dem. Rep.",,,,,,,,,,,,,,,,,,,,,,,,,,,,,,,,,,0.158,0.165,0.172,0.18,0.187,0.194,0.2,0.207,0.214,0.22,0.227,0.227,0.227,0.227,0.227,0.227,0.227,0.227,0.227,0.227,0.227,0.227,0.227,0.227,0.227,0.227
"Congo, Rep.",,,,,,,,,,,,,,,,,,,,,,,,,,0.0239,0.0241,0.0243,0.0246,0.0248,0.0251,0.0253,0.0255,0.0258,0.026,0.0262,0.0265,0.0267,0.027,0.0272,0.0274,0.0274,0.0274,0.0274,0.0274,0.0274,0.0274,0.0274,0.0274,0.0274,0.0274,0.0274,0.0274,0.0274,0.0274,0.0274,0.0274,0.0274,0.0274
Colombia,,,,,,,,,,,,,,,,,,,,,,,,,,,,,,,,,,,,,,,1.16,1.23,1.31,1.39,1.46,1.54,1.61,1.69,1.76,2.06,2.37,2.67,2.98,3.28,3.58,3.89,4.19,4.13,4.06,4.23,4.36
Comoros,,,,,,,,,,,,,,,,,,,,,,,,,,,,,,,,,,,,,,0.833,0.833,0.833,0.833,0.833,0.833,0.833,0.833,0.833,0.833,0.833,0.833,0.833,0.833,0.833,0.833,0.833,0.833,0.833,0.833,0.833,0.833
Cape Verde,,,,,,,,,,,,,,,,,,,,,,,,,,,,,,,,,,,,,,,,7.18,7.6,8.02,8.43,8.43,8.43,8.43,8.43,8.43,8.43,8.43,8.43,8.43,8.43,8.43,8.43,8.43,8.43,8.43,8.43
Costa Rica,,,,,,,,,,,,,,,,,,,,,,,,,,,,,,,,,,,,,,,,,,,,,,,,,,,3.99,4.21,4.68,5.45,4.99,4.16,5.21,5.36,5.35
Cuba,,,,,,,,,,,,,,,,,,,,,,,,,,,,,,,,,,17.9,17.9,18,18,18,18,18,18,18.1,18.1,18.1,18.1,17,19.7,20.8,20.7,21.8,22.9,23.9,23.9,23.9,23.9,23.9,23.9,23.9,23.9
Cyprus,,,,,,,,,,,,,,21.2,21.8,22.4,23,23.6,24.2,24.8,25.5,26.1,26.7,27.3,28,28.8,29.5,30.2,30.5,29.8,29.1,28.4,27.5,26.6,25.7,24.8,23.8,22.9,22,20.5,23.3,23.2,23,22.8,22.6,22.4,21.9,25.2,27.5,30.2,34.9,28.3,29.7,31.7,29.8,29.5,28.3,31.6,37.6
Czech Republic,,,,,,,,,,,,,,,,,,,,,,,,,,,,,,,,23.1,22,20.9,19.9,37.9,36.1,34.3,32.6,30.8,29,29.2,29.4,29.6,29.8,30,30.2,29.6,29.7,28.7,28,25.1,25.1,24.3,24.9,24.8,24.2,22.9,20.8
Germany,,,,,,,,,,,,,,,,,,,,,,,,,,,,,,63.4,68.5,67.9,67.4,66.9,65.5,64.9,62.8,62.2,61.5,60.2,58.6,57.1,55.6,51.8,48,44.2,44.5,44.9,45.2,41.7,38.2,34.7,34.3,33.9,33.5,33.5,33.5,33.5,33.5
Djibouti,,,,,,,,,,,,,,,,,,,,,,,,2.67,2.91,3.16,3.4,3.64,3.89,4.13,4.38,4.62,4.83,5.11,5.36,5.6,5.81,6.09,6.33,6.33,6.33,6.33,6.33,6.33,6.33,6.33,6.33,6.33,6.33,6.33,6.33,6.33,6.33,6.33,6.33,6.33,6.33,6.33,6.33
Dominica,,,,,,,,,,,,,,,,,,,,,,,,,,,,,,,,,,,8.3,8.3,8.3,8.3,8.3,8.3,8.3,8.3,8.3,8.58,8.87,9.15,9.43,9.72,10,10,10,10,10,10,10,10,10,10,10
Denmark,,,,,,,,,19.5,22.1,24.7,27.3,30,32.6,32.6,32.6,32.6,32.6,32.6,35.3,38,40.7,43.4,46.1,41.1,36.2,31.2,33.2,35.1,33.6,32.2,30.7,29.2,27.8,26.3,24.8,23.4,22,20.5,19.1,17.7,17.5,17.2,17,16,15,18.8,17.8,21.9,23.4,19.7,27.3,26.7,22,24,24.2,29.9,25.6,26.4
Dominican Republic,,,,,,,,,,,,,,,,,,,,,,,,,,,,,,,,,,,,,,,27,27.6,28.3,28.9,29.6,30.2,32.1,33.9,35.8,37.7,39.6,39.6,39.6,39.6,39.6,39.6,39.6,39.6,39.6,39.6,39.6
Algeria,,,,,,,,,28.1,29.5,31,32.4,33.8,35.2,36.6,38,39.4,40.8,42.2,43.6,45,46.4,47.8,49.2,52.1,54.9,57.7,60.5,62.4,64.1,65.8,67.5,69.2,70.8,72.5,74.2,75.9,77.6,79.3,81.7,85,87.5,90,92.5,95,97.5,99.9,102,105,107,110,115,121,126,130,138,138,138,138
Ecuador,,,,,,,,,,,,,,,,,,,,,,,,,,,,,,,,,,,,,,,6.41,6.48,6.56,6.63,6.71,6.78,6.78,6.78,6.78,6.78,6.78,6.78,6.78,6.78,6.78,6.78,6.78,6.78,6.78,6.78,6.78
Egypt,,,,,,,,,,,,,,87.8,88.5,89.2,89.9,90.6,91.3,92,92.7,93.4,94.1,94.8,95.5,96.2,96.9,97.6,98.2,98.9,99.6,100,103,107,110,113,116,120,104,107,110,113,116,119,122,125,128,131,134,131,132,133,111,111,110,141,141,141,141
Eritrea,,,,,,,,,,,,,,,,,,,,,,,,,,,,,,,,,,,,,,,7.94,8.75,9.56,10.4,11.2,11.2,11.2,11.2,11.2,11.2,11.2,11.2,11.2,11.2,11.2,11.2,11.2,11.2,11.2,11.2,11.2
Spain,,,,,,,,,,,,,,49.2,50.2,51.3,52.3,53.4,54.4,55.9,57.3,58.8,60.2,61.7,62.5,60,57.6,55.1,52.6,50.2,49.6,49.1,48.6,48.1,47.6,47,47.8,48.5,49.2,48.8,48.4,49.3,50.2,51,49.4,47.7,47.4,49.2,47.7,47.8,50.1,44.1,44.8,43,42.6,41,40.1,39.8,43.3
Estonia,,,,,,,,,,,,,,,,,,,,,,,,,,,,,,,28.5,23.9,19.3,14.7,14.8,14.9,15,15,15.1,15.2,15.3,16.2,17.1,18,18.9,19.8,17.4,14.9,19.9,20.3,17.7,18.9,18.6,17.5,19,19.3,17.4,10.9,9.23
Ethiopia,,,,,,,,,,,,,,,,,,,,,,,,,,,,,,,,,,,,,,,,,17,19.3,21.7,24,24.8,25.5,26.3,27,27.8,28.5,29.3,30,30.8,31.5,32.3,32.3,32.3,32.3,32.3
Finland,,,,,,,,,7.83,7.94,8.06,8.18,8.3,8.42,8.49,8.56,8.63,8.7,8.77,8.92,9.06,9.2,9.34,9.49,8.69,7.9,7.11,6.31,5.52,5.64,5.76,5.89,6.01,6.13,5.98,5.83,5.67,5.52,6.96,8.4,9.84,11.3,12.7,14.1,15.6,14.6,13.5,12.5,11.5,10.5,9.5,8.49,7.48,6.46,5.45,5.45,6.64,7.11,7.11
Fiji,,,,,,,,,,,,,,,,,,,,,,,,,,0.105,0.119,0.133,0.147,0.161,0.175,0.189,0.203,0.217,0.23,0.244,0.258,0.272,0.286,0.288,0.291,0.293,0.295,0.297,0.297,0.297,0.297,0.297,0.297,0.297,0.297,0.297,0.297,0.297,0.297,0.297,0.297,0.297,0.297
France,,,,,,,,,,,,,,,,,,,27.1,27.8,28.5,29.2,29.9,30.5,31,31.5,32,32.5,33,33.7,34.3,32.8,31.2,29.7,28.1,26.6,27.2,27.9,28.6,28.5,28.3,28.6,29,29.3,28.2,27.1,25.1,24.9,25,26.4,24.6,23.8,23.9,24.6,23.1,23.6,23.6,23,23
Gabon,,,,,,,,,,,,,,,,,,,,,,,,,,0.217,0.233,0.25,0.267,0.284,0.3,0.317,0.334,0.351,0.367,0.384,0.401,0.418,0.434,0.448,0.461,0.475,0.489,0.502,0.502,0.502,0.502,0.502,0.502,0.502,0.502,0.502,0.502,0.502,0.502,0.502,0.502,0.502,0.502
UK,,,,,,,,,,,,,,,,,,,23,22.3,21.6,21,20.3,19.6,19.8,20,20.1,20.3,20.5,20.5,20.5,20.6,20.6,20.6,20.7,20.9,21,21.2,21.3,21.4,21.6,21.7,21.8,22,22.1,14.5,14.2,14.1,14.1,13.1,13.7,13,12.4,13.9,14.4,14.4,14.4,14.4,14.4
Georgia,,,,,,,,,,,,,,,,,,,,,,,,,,,,,,,10.3,9.78,9.27,8.77,8.26,7.76,7.25,6.75,6.24,6.17,6.11,6.04,5.97,5.91,5.92,5.93,5.94,5.84,5.75,5.65,5.56,5.46,5.36,5.27,5.17,4.48,4.21,5.12,5.39
Ghana,,,,,,,,,1.31,1.41,1.51,1.61,1.7,1.8,1.9,2,2.1,2.2,2.3,2.4,2.5,2.6,2.7,2.79,2.89,2.99,3.09,3.19,3.29,3.39,3.49,3.59,3.69,3.79,3.88,3.98,4.08,4.18,4.28,4.4,4.52,4.64,4.75,4.87,4.99,5.11,5.23,5.34,5.46,5.59,5.73,5.83,5.93,6.27,6.31,6.31,6.31,6.31,6.31
Guinea,,,,,,,,,,,,,,,,,,,,,,,,,,1.14,1.12,1.1,1.08,1.06,1.04,1.02,1,0.985,0.966,0.947,0.928,0.908,0.889,0.857,0.863,0.87,0.877,0.883,0.92,0.958,0.995,1.03,1.07,1.11,1.14,1.18,1.22,1.26,1.29,1.33,1.37,1.37,1.37
Gambia,,,,,,,,,,,,,,,,,,,,,0.435,0.522,0.608,0.695,0.782,0.868,0.955,1.04,1.13,1.22,1.3,1.39,1.48,1.56,1.65,1.74,1.82,1.91,1.97,2.02,2.06,2.11,2.16,2.21,2.21,2.21,2.21,2.21,2.21,2.21,2.21,2.21,2.21,2.21,2.21,2.21,2.21,2.21,2.21
Guinea-Bissau,,,,,,,,,,,,,,,,,,,,,,,,,,,,,,0.142,0.413,0.683,0.954,1.22,1.5,1.5,1.5,1.5,1.5,1.5,1.5,1.5,1.5,1.5,1.5,1.5,1.5,1.5,1.5,1.5,1.5,1.5,1.5,1.5,1.5,1.5,1.5,1.5,1.5
Equatorial Guinea,,,,,,,,,,,,,,,,,,,,,,,,,,0.0927,0.0979,0.103,0.109,0.114,0.119,0.124,0.13,0.135,0.14,0.145,0.151,0.156,0.161,0.166,0.17,0.175,0.179,0.183,0.183,0.183,0.183,0.183,0.183,0.183,0.183,0.183,0.183,0.183,0.183,0.183,0.183,0.183,0.183
Greece,,,,,,,,,8.61,8.61,8.62,8.63,8.64,8.65,8.96,9.26,9.57,9.87,10.2,10.4,10.5,10.7,10.9,11.1,12.1,13,14,14.9,15.9,16.1,16.3,16.1,15.9,15.8,16.7,17.6,17.8,18,18.2,18.5,18.7,19,19.2,19.5,19.5,19.5,19.6,19.8,19.9,20.1,20.1,20.1,20.1,20,20.5,20.5,20.5,20.5,20.5
Grenada,,,,,,,,,,,,,,,,,,,,,,,,,,,,,,,,,,,,,,,,,,,,5,5.23,5.46,5.68,5.91,6.14,6.37,6.59,6.82,7.05,7.05,7.05,7.05,7.05,7.05,7.05
Guatemala,,,,,,,,,,,,,,,,,,,,,,,,,,,,,,,,,,,,,,,,4.19,4.5,4.81,5.12,5.43,5.74,5.74,5.74,5.74,5.74,5.74,5.74,5.74,5.74,5.74,5.74,5.74,5.74,5.74,5.74
Guyana,,,,,,,,,,,,,,,,,,,,,,,,,,,,,,,3.33,3.38,3.44,3.49,3.54,3.59,3.64,3.69,3.74,3.71,3.67,3.64,3.6,3.57,3.51,3.46,3.41,3.35,3.3,3.3,3.3,3.3,3.3,3.3,3.3,3.3,3.3,3.3,3.3
Honduras,,,,,,,,,,,,,,,,,,,,,,,,,,,,,,,,,,,,,,,,,,4.62,4.62,4.62,4.62,4.62,4.62,4.62,4.62,4.62,4.62,4.62,4.62,4.62,4.62,4.62,4.62,4.62,4.62
Croatia,,,,,,,,,,,,,,,,,,,,,,,,,,,,,,,,,,,,,,,,,1.28,1.36,1.35,1.37,1.41,1.45,1.47,1.53,1.5,1.49,1.47,1.57,1.54,1.52,1.48,1.5,1.5,1.49,1.48
Haiti,,,,,,,,,,,,,,,,,,,,,,,,,,,,,,9.04,9.75,10.5,11.2,11.9,12,12.1,12.2,12.3,12.4,12.5,12.6,12.7,12.8,12.9,13.1,13.2,13.3,13.4,13.4,13.4,13.4,13.4,13.4,13.4,13.4,13.4,13.4,13.4,13.4
Hungary,,,,,,,,,5.15,5.49,5.83,6.17,6.51,6.85,7.14,7.43,7.72,8.01,8.3,8.83,9.37,9.9,10.4,11,11.2,11.4,11.6,11.7,11.9,12.1,12.3,11.8,11.4,10.9,10.4,10.3,10.2,10.2,10.1,10,9.95,9.85,9.76,9.66,9.57,9.48,9.38,11,9.27,9.02,8.72,9.07,6.78,6.96,6.84,8.18,8.49,7.71,8.07
Indonesia,,,,,,,,,,,,,,,,,,,,,,,,,,,,,9.91,10.4,11,11.5,12,12.5,13,13.6,14.1,14.6,15.1,16,16.9,17.8,18.8,19.7,20.6,21.5,22.4,23.3,24.2,25.1,26,27,27.9,28.8,29.7,29.7,29.7,29.7,29.7
India,,,,,,,,,,,,,,39,40.2,41.4,42.6,43.8,45,46.2,47.4,48.6,49.8,51,51.1,51.1,51.2,51.3,51.3,52.5,53.6,54.7,55.9,57,58.1,59.3,60.4,61.5,62.7,64.2,65.8,67.3,64.2,64.6,65,65.3,65.7,66.1,66.5,66.5,66.5,66.5,66.5,66.5,66.5,66.5,66.5,66.5,66.5
Ireland,,,,,,,,,,,,,,,,,,,5.15,5.19,5.22,5.26,5.29,5.33,5.37,5.4,5.44,5.48,5.51,5.55,5.59,5.62,5.66,5.49,5.33,5.16,5,4.83,4.67,4.5,4.34,4.17,4.01,3.85,3.68,3.51,3.58,3.64,4,4.36,4.72,5.08,5.43,5.79,6.15,6.51,20,21.6,21.6
Iran,,,,,,,,,,,,,,39.4,40.6,41.8,43,44.2,45.4,46.7,47.9,49.1,50.3,51.5,52.7,54,55.2,56.4,57.6,58.8,60,61.2,66.9,72.6,73.5,74.5,75.5,76.4,77.4,78.4,79.4,80.4,81.3,81.3,81.3,81.3,81.3,81.3,81.3,81.3,81.3,81.3,81.3,81.3,81.3,81.3,81.3,81.3,81.3
Iraq,,,,,,,,,,,,,,57,57,57.1,57.2,57.2,57.3,57.4,57.4,57.5,57.5,57.6,58.1,58.6,59.1,59.6,60.1,63.4,66.6,69.9,73.1,76.4,79.7,82.9,86.2,89.4,92.7,90.1,87.5,84.9,82.3,79.6,77,74.4,71.8,69.2,66.6,64,61.4,58.8,56.2,49,54.1,60.5,47.1,79.5,79.5
Iceland,,,,,,,,,,,,,,,,,,,0.147,0.148,0.149,0.15,0.151,0.152,0.167,0.182,0.197,0.212,0.227,0.227,0.227,0.226,0.226,0.225,0.224,0.224,0.223,0.222,0.222,0.223,0.224,0.224,0.224,0.246,0.269,0.291,0.313,0.335,0.358,0.379,0.4,0.396,0.374,0.38,0.353,0.394,0.394,0.394,0.394
Israel,,,,,,,,,133,134,135,136,137,138,139,140,141,141,142,145,148,149,151,153,152,146,144,141,136,135,134,133,132,132,134,135,136,138,139,136,133,148,122,121,120,119,118,117,116,112,109,106,102,98.9,103,104,95.9,100,110
Italy,,,,,,,,,36.7,37.1,37.6,38.1,38.5,39,39.5,40,40.4,40.9,41.4,40.9,40.4,39.9,39.4,38.8,38.3,37.8,37.3,36.8,36.2,36.7,37.1,37.6,38,38.4,38.9,39.3,39.8,39.7,39.7,38.2,36.8,35.3,33.8,32.3,30.9,29.4,47.2,29.6,29.7,29.8,29.9,29.9,29.9,29.9,29.8,29.8,29.7,29.8,29.6
Jamaica,,,,,,,,,,,,,,,,,,,,,,,,,,,,,,,,8.57,8.84,9.12,9.39,9.67,9.94,10.2,10.5,10.8,11,11.3,11.6,11.9,12.1,12.4,12.7,13,13.2,13.5,13.8,14,14.3,7.67,12.5,12.5,12.5,12.5,12.5
Jordan,,,,,,,,,,,,,,50,51.8,53.7,55.5,57.4,59.3,61.1,63,64.8,66.7,68.6,74.4,80.2,86,91.9,92.5,98.1,104,101,98.7,96.2,93.8,91.4,89,85.8,82.6,77.3,81.8,82.3,88.9,95.9,102,103,103,95.6,98.9,88.2,94,99.8,107,96.2,100,100,102,104,104
Japan,,,,,,,,,,,,,,,,,,,40.6,40.7,40.8,40.9,41.1,41.2,41.3,41.5,41.6,41.7,41.8,41.9,42,41.6,41.3,40.8,40.9,41,41.2,41.4,41.6,40.2,38.8,38.7,38.5,38.4,38.2,38,37.7,37.3,37.2,37.1,37,36.9,36.8,36.7,36.6,36.5,36.4,36,36
Kazakhstan,,,,,,,,,,,,,,,,,,,,,,,,,,,,,,,,46.1,45.3,44.5,41,37.5,33.9,30.4,29.1,28.9,30.9,31.8,32.8,34.4,29.5,31.6,28.4,29.9,33,30.4,29.7,31.2,32,30,30,31.1,32.7,32.6,34.1
Kenya,,,,,,,,,,,,,,,,,,,,,,,,,,,,,16.9,16.5,16.1,15.7,15.3,14.9,14.5,14.1,13.7,13.3,12.9,14.9,17,19.1,20.2,21.2,22.3,23.4,24.4,25.5,26.5,26.5,26.5,26.5,26.5,26.5,33.2,33.2,33.2,33.2,33.2
Kyrgyz Republic,,,,,,,,,,,,,,,,,,,,,,,,,,,,,,,,,63.6,63.9,64.2,64.5,64.8,65.1,65.4,62.9,60.3,57.7,55.2,52.6,50,50,50,50,50,50,50,50,50,50,50,50,50,50,50
Cambodia,,,,,,,,,,,,,,,,,,,,,,,,,,,,,,,,,,,,,,,,,,,,,1.04,1.04,1.04,1.04,1.04,1.04,1.04,1.04,1.04,1.04,1.04,1.04,1.04,1.04,1.04
St. Kitts and Nevis,,,,,,,,,,,,,,,,,,,,,,,,,,,,,,,,,,,,,,,,,,,,,,,,,,,50.8,50.8,50.8,50.8,50.8,50.8,50.8,50.8,50.8
South Korea,,,,,,,,,,,,,,,,,,,,,,,,,,,,,60,62.1,64.1,66.1,68.2,70.2,72.2,74.3,76.4,78.6,80.8,83,85.1,85.2,85.2,85.2,85.2,85.2,85.2,85.2,85.2,85.2,85.2,85.2,85.2,85.2,85.2,85.2,85.2,85.2,85.2
Kuwait,,,,,,,,,,,,,,,,,,,,,,,,,,,,,,,,1540,1300,1390,1480,1570,1660,1780,1910,1990,2080,2180,2280,2380,2480,2580,2690,2790,2890,2990,3090,3200,3300,3400,3580,3850,3850,3850,3850
Lao,,,,,,,,,,,,,,,,,,,,,,,,,,,,,,,,,,,,,,,,,,,,2.28,2.57,2.87,3.16,3.46,3.75,4.05,4.34,4.64,4.93,5.12,4.99,4.77,4.77,4.79,4.79
Lebanon,,,,,,,,,,,,,,24.4,25.3,26.2,27.1,28.1,29,29.9,30.8,31.8,32.7,33.6,34.5,35.5,36.4,37.3,38.3,39.1,40,41,41.9,42.6,43.4,44.2,44.9,45.7,41.1,40.3,39.5,38.7,37.9,35.6,37.9,40.2,42.5,44.9,47.2,49.5,51.8,54.1,56.5,58.8,58.8,58.8,58.8,58.8,58.8
Liberia,,,,,,,,,,,,,,,,,,,,,,,,,,0.236,0.236,0.236,0.236,0.236,0.236,0.236,0.236,0.236,0.237,0.237,0.237,0.237,0.237,0.242,0.248,0.253,0.259,0.264,0.264,0.264,0.264,0.264,0.264,0.264,0.264,0.264,0.264,0.264,0.264,0.264,0.264,0.264,0.264
Libya,,,,,,,,,,,,,,171,179,187,195,202,210,257,304,351,398,445,492,539,586,633,680,674,669,663,657,651,644,638,628,622,615,632,648,665,682,698,715,732,749,766,783,800,817,817,817,817,817,817,817,817,817
St. Lucia,,,,,,,,,,,,,,,,,,,,,,,,,,,,,,,,,,,,,,,,,,,,,,14.3,14.3,14.3,14.3,14.3,14.3,14.3,14.3,14.3,14.3,14.3,14.3,14.3,14.3
Sri Lanka,,,,,,,,,,,,,,,,,,,,,,,,,,,,,68.5,70.8,73.1,75.3,77.6,79.9,82.1,84.4,86.7,89,91.2,91.1,91.1,91,90.9,90.8,90.8,90.8,90.8,90.8,90.8,90.8,90.8,90.8,90.8,90.8,90.8,90.8,90.8,90.8,90.8
Lesotho,,,,,,,,,,,,,,,,,,,,,,,,,,2.93,2.89,2.86,2.82,2.78,2.74,2.71,2.67,2.63,2.6,2.56,2.52,2.48,2.57,2.57,2.57,2.57,2.57,2.57,2.57,2.57,2.57,2.57,2.57,2.57,2.57,2.57,2.57,2.57,2.57,2.57,2.57,2.57,2.57
Lithuania,,,,,,,,,,,,,,,,,,,,,,,,,,,,,,,,,,31.3,29.4,27.5,25.6,23.8,21.9,20,19.2,18.5,17.8,17,16.7,16.3,13.4,10.4,7.47,4.52,3.87,3.22,2.58,2.75,2.22,1.87,1.83,1.83,1.83
Luxembourg,,,,,,,,,2.89,3.01,3.14,3.27,3.4,3.52,3.48,3.43,3.38,3.34,3.29,3.74,4.2,4.65,5.1,5.56,5.47,5.39,5.31,5.22,5.14,5.06,4.98,4.89,4.81,4.73,4.81,4.88,4.96,5.04,4.93,4.81,4.7,4.58,4.47,4.35,4.24,4.13,4.01,3.9,3.95,3.84,3.7,3.57,3.81,3.71,3.68,3.78,4.33,4.09,3.96
Latvia,,,,,,,,,,,,,,,,,,,,,,,,,,,,,,,,,,2.39,2.26,2.12,1.98,1.85,1.71,1.58,1.44,1.4,1.35,1.31,1.26,1.22,1.35,2.33,1.62,2.18,1.46,1.39,0.993,1.04,1.1,1.07,1.08,1.05,1.07
Morocco,,,,,,,,,,,,,,43.2,44.2,45.2,46.2,47.2,48.2,49.2,50.1,51,51.9,52.8,51.8,50.8,49.9,48.9,47.9,50.4,53,53,53.7,54,54.4,55.9,57.4,59,60.5,65.8,71.1,68.6,66,63.5,60.9,58.4,55.8,53.3,50.8,50.8,50.8,50.8,50.8,50.8,50.8,50.8,50.8,50.8,50.8
Moldova,,,,,,,,,,,,,,,,,,,,,,,,,,,,,,,29.2,27.5,25.9,24.2,26.1,22.1,21.6,21.1,20.7,13,12.9,12.8,12.7,12.7,12.7,12.7,13.1,12.8,12.6,12.6,12.6,12.5,12.4,12.5,12.5,12.5,12.4,12.5,12.6
Madagascar,,,,,,,,,,,,,,,,,,,,,,,13.6,13.5,13.3,13.2,13,12.9,12.7,12.6,12.4,12.3,12.1,12,11.8,11.6,11.5,11.3,11.2,11.2,11.2,11.2,11.2,11.3,11.3,11.3,11.3,11.3,11.3,11.3,11.3,11.3,11.3,11.3,11.3,11.3,11.3,11.3,11.3
Maldives,,,,,,,,,,,,,,,,,,,,,,,,,,11.3,11.7,11.7,12,11.6,12.4,12.6,12.8,15.3,15.9,16.4,17,17.6,17.7,17.1,16.9,16.7,16.5,14.5,14.9,15.5,15.7,9.52,3.38,15.7,15.7,15.7,15.7,15.7,15.7,15.7,15.7,15.7,15.7
Mexico,,,,,,,,,,,,,,,,,,,21,21.2,21.5,21.7,21.9,22.1,22.4,22.6,22.8,23.1,23.3,23.5,23.7,24,24.2,24.4,24.7,24.9,25.1,25.3,25.6,25.8,27.1,28,28.2,28.6,28.9,29.5,29.9,28.7,29.9,29.8,31,30.6,31.9,32.1,32.5,32.9,44.5,44.7,44.8
North Macedonia,,,,,,,,,,,,,,,,,,,,,,,,,,,,,,,,,,,37.6,32.4,27.2,22,16.7,16,15.3,19.5,23.8,28,20.7,13.3,19.3,25.3,22,18.7,15.3,12,16.4,20.8,25.3,38.7,52.1,38.7,38.7
Mali,,,,,,,,,,,,,,,,,,,,,,,,,,2.1,2.52,2.94,3.35,3.77,4.19,4.61,5.03,5.44,5.86,6.26,6.66,7.05,7.45,7.84,7.88,7.91,7.94,7.97,8,8,8,8,8,8,8,8,8,8,8,8,8,8,8
Malta,,,,,,,,,,,,,,,,,,,39.6,44.4,49.1,53.9,58.6,53.3,52.6,51.8,51.1,50.4,49.7,49,48.3,47.6,46.9,46.1,49.2,52.2,55.2,58.2,61.3,64.3,67.3,68.4,68.5,70.7,71.8,72.9,70.9,62.8,81,75.4,79.4,91.3,89.1,82.8,83,91.1,84.6,81,81.9
Myanmar,,,,,,,,,,,,,,,,,,,,,,,,,,4.93,5,5.07,5.13,5.2,5.27,5.33,5.4,5.47,5.53,5.6,5.67,5.73,5.8,5.8,5.8,5.8,5.8,5.8,5.8,5.8,5.8,5.8,5.8,5.8,5.8,5.8,5.8,5.8,5.8,5.8,5.8,5.8,5.8
Mongolia,,,,,,,,,,,,,,,,,,,,,,,,,,,,,,,,3.14,3.21,3.27,3.33,3.4,3.46,3.52,3.59,3.65,3.71,3.77,3.84,3.75,3.96,3.99,4.02,4.05,3.9,3.75,3.6,3.45,3.3,3.15,3.4,3.4,3.4,3.4,3.4
Mozambique,,,,,,,,,,,,,,,,,,,,,,,,,,,,,0.719,0.751,0.783,0.814,0.846,0.877,0.909,0.94,0.972,1,1.04,1.07,1.13,1.19,1.24,1.3,1.34,1.39,1.43,1.48,1.52,1.57,1.61,1.66,1.71,1.75,1.75,1.75,1.75,1.75,1.75
Mauritania,,,,,,,,,,,,,,,,,,,7.17,8.94,10.7,12.5,14.2,16,16,16,15.9,15.9,15.9,15.9,15.9,15.8,15.8,15.8,15.8,15.8,15.7,15.7,15.7,15.1,14.5,13.8,13.2,13.2,13.2,13.2,13.2,13.2,13.2,13.2,13.2,13.2,13.2,13.2,13.2,13.2,13.2,13.2,13.2
Mauritius,,,,,,,,,,,,,13.1,13.1,13.6,14.1,14.6,15.1,15.6,16.1,16.6,17.1,17.6,18.1,18.6,19.1,19.6,20.1,20.6,20.9,21.3,21.6,22,22.4,22.3,22.3,22.2,22.2,22.2,23.6,25,26.4,25.7,25.1,24.8,22.9,27.8,23,23.2,20.8,21.2,22.1,22.5,22.2,22.5,22.2,21.5,21.6,22.1
Malawi,,,,,,,,,,,,,,,,,,,,,,,,,,,,,,,,,12.1,12.7,13.4,14,14.7,15.3,15.9,16.6,17.3,17.3,17.4,17.5,17.5,17.5,17.5,17.5,17.5,17.5,17.5,17.5,17.5,17.5,17.5,17.5,17.5,17.5,17.5
Malaysia,,,,,,,,,,,,,,,,,,,,,,,,,,,,,5.19,4.81,4.43,4.06,3.68,3.85,2.81,2.83,2.85,2.87,2.89,2.91,2.93,2.95,2.97,2.99,3.01,3.03,3.05,3.07,3.09,3.11,3.13,3.15,3.17,3.19,3.36,3.44,3.44,3.44,3.44
Namibia,,,,,,,,,,,,,,,,,,,,,,,,0.428,0.483,0.539,0.594,0.65,0.704,0.76,0.778,0.797,0.815,0.833,0.816,0.84,0.865,0.908,0.897,0.879,0.862,0.862,0.862,0.862,0.862,0.862,0.862,0.862,0.862,0.862,0.862,0.862,0.862,0.862,0.862,0.862,0.862,0.862,0.862
Niger,,,,,,,,,,,,,,,,,,,,,,,,,,,2.13,2.25,2.38,2.5,2.62,2.74,2.86,2.98,3.1,3.23,3.35,3.47,3.59,3.71,3.83,3.95,4.07,4.2,4.45,4.7,4.95,5.2,5.45,5.7,5.95,6.2,6.45,7.34,7.45,6.75,10.4,11,11
Nigeria,,,,,,,,,,,,,,,,,,,,,,,,,,4.33,4.61,4.9,5.17,5.46,5.74,6.02,6.3,6.58,6.86,7.14,7.42,7.71,7.99,8.18,8.38,8.58,8.77,8.97,9.11,9.25,9.39,9.53,9.67,9.67,9.67,9.67,9.67,9.67,9.67,9.67,9.67,9.67,9.67
Nicaragua,,,,,,,,,,,,,,,,,,,,,,,,,,,,,,,,,,,,,2.24,2.33,2.42,2.51,2.54,2.57,2.6,2.63,2.65,2.67,2.69,2.66,2.64,2.61,2.56,2.51,2.47,2.42,2.37,2.32,2.27,2.22,2.22
Netherlands,,,,,,,,,,,,,,,,,,,17.5,17.5,17.6,17.6,17.7,17.8,17.2,16.7,16.2,15.7,15.2,15.2,14.6,14,13.5,12.9,12.4,13.3,14.2,15.1,16,16.9,18.2,19.4,20.7,21.9,21.4,20.8,20.3,21.7,20.8,19.3,20.4,20.2,18,16,15.2,15,16.4,17,16.8
Norway,,,,,,,,,,,,,,,,,,,1.52,1.54,1.56,1.58,1.6,1.62,1.64,1.66,1.68,1.7,1.72,1.74,1.76,1.78,1.8,1.82,1.84,1.82,1.8,1.79,1.83,1.95,1.94,1.96,2.14,2.08,2.23,2.3,2.23,2.16,2.13,2.11,2.08,2.09,2.11,2.06,2.01,2.05,2.05,2.05,2.05
Nepal,,,,,,,,,,,,,,,,,,,,,,,,,,,,,,,,,,,,,,,8.37,8.36,8.35,8.33,8.32,8.31,8.31,8.31,8.31,8.31,8.31,8.31,8.31,8.31,8.31,8.31,8.31,8.31,8.31,8.31,8.31
New Zealand,,,,,,,,,,,,,,,,,,,0.978,1.09,1.21,1.32,1.43,1.55,1.62,1.69,1.77,1.84,1.91,1.98,2.05,2.13,2.2,2.27,2.34,2.41,2.49,2.56,2.76,2.97,3.18,3.38,3.59,3.79,4,4.06,4.12,4.18,4.24,5.19,6.14,7.1,8.05,8.05,8.05,8.05,8.05,8.05,8.05
Oman,,,,,,,,,,,,,,,,,,,,,,,,,,,,,,85.5,86.5,87.4,88.4,87,87.9,88.9,89.9,90.9,92.9,90.8,89.8,84.7,87.9,91.1,94.3,97.5,101,104,107,110,114,117,117,117,117,117,117,117,117
Pakistan,,,,,,,,,,,,,,94.1,94.2,94.3,94.3,94.4,94.5,94.6,94.7,94.8,94.9,94.9,95,95.1,95.2,95.3,95.4,95.5,96.6,97.8,98.9,100,101,102,104,105,106,107,107,108,109,110,111,112,113,112,114,110,115,113,120,121,123,123,118,109,116
Panama,,,,,,,,,,,,,,,,,,,,,,,,,,,,,,,,,,,,,,,,,,,,,,,,,0.771,0.815,0.86,0.904,0.893,0.931,0.901,0.901,0.901,0.901,0.901
Peru,,,,,,,,,,,,,,,,,,,,,,,,,,,,,,,,,,,,,,,,,,,,,,,2.53,2.97,3.41,3.86,4.3,4.74,5.18,5.63,6.07,6.51,6.96,7.18,7.18
Philippines,,,,,,,,,,,,,,,,,,,,,,,,,,,,,,,,,,,,,,,,,,,,,24.1,24.9,25.2,24.9,25.5,25.7,25.8,25.8,25.8,26.4,26.6,28.1,28.2,26.3,26.3
Papua New Guinea,,,,,,,,,,,,,,,,,,,,,,,,,,,,,,,,,,,,,,,0.0915,0.0997,0.108,0.116,0.124,0.132,0.132,0.132,0.132,0.132,0.132,0.132,0.132,0.132,0.132,0.132,0.132,0.132,0.132,0.132,0.132
Poland,,,,,,,,,35,37.4,39.7,42.1,44.5,46.8,47.9,49.1,50.2,51.3,52.4,53.3,54.1,55,55.9,56.8,55.9,55.1,54.2,53.4,52.5,49.4,46.3,45.9,45.5,45.1,44.7,44.3,43.5,42.8,42.1,41.3,40.6,40.8,41,41.2,41.4,41.6,39.3,39.8,37.6,41.2,39.7,38.9,36.8,36.2,35.6,34.9,33.2,31.1,30
Puerto Rico,,,,,,,,,,,,,,,,,,,,,,,,,,,,,17.8,17.9,18.1,18.2,18.3,18.5,18.6,18.7,18.9,19,19.1,19.8,20.4,21,21.7,22.3,22.4,22.5,22.5,22.6,22.7,22.1,21.4,20.8,20.2,19.5,19.5,19.5,19.5,19.5,19.5
North Korea,,,,,,,,,,,,,,,,,,,,,,,,,,,,,,,,,,,,,,,27.4,27.5,27.5,27.6,27.7,27.7,27.7,27.7,27.7,27.7,27.7,27.7,27.7,27.7,27.7,27.7,27.7,27.7,27.7,27.7,27.7
Portugal,,,,,,,,,,,,,,,,,,,,,,,,,,,,,,17.3,20.2,23.2,26.1,25.8,24.7,23.5,22.4,21.9,21.4,21,20.5,20,19.6,19.1,18.2,18.4,18.2,18.1,18,17.8,17.7,17.6,17.4,17.3,17.2,12.4,12.3,12.3,12.3
Paraguay,,,,,,,,,,,,,,,,,,,,,,,,,,0.327,0.331,0.334,0.338,0.341,0.345,0.348,0.352,0.355,0.359,0.362,0.366,0.369,0.373,0.5,0.627,0.754,0.881,1.01,1.13,1.26,1.39,1.5,1.62,1.71,1.84,1.84,1.84,1.84,1.84,1.84,1.84,1.84,1.84
Palestine,,,,,,,,,,,,,,,,,,,,,,,,,,,,,,,,,,,,,,,40.1,38.6,46.2,48.6,54.3,58.2,56.3,53.9,51.4,49,38.6,38.1,41.7,43.1,39.2,41.5,40,41.1,42.7,47,50.3
Qatar,,,,,,,,,,,,,,259,271,283,295,308,320,332,344,357,369,381,393,406,418,430,330,328,325,323,277,278,279,280,281,282,283,301,322,342,361,374,381,388,396,403,410,417,424,431,435,431,432,431,431,431,431
Romania,,,,,,,,,8.98,9.88,10.8,11.7,12.6,13.5,14.3,15.1,16,16.8,17.6,17.9,18.2,18.6,18.9,19.2,19.2,19.2,19.1,19.1,19.1,19,18.8,18.7,16.8,15,13.3,11.7,11.9,11.8,9.03,8.48,8.63,7.97,6.67,5.72,4.99,6.45,6.76,6.44,5.82,6.17,6.07,6.01,5.88,6.05,5.97,6.34,6.01,6.01,6.01
Russia,,,,,,,,,,,,,,,,,,,,,,,,,,,,,,,6.33,5.62,4.9,4.81,4.71,4.61,4.51,4.42,4.83,4.21,4.18,4.15,4.13,4.41,4.07,4.04,4.02,3.99,4.43,3.93,4.07,3.88,4.5,3.97,4.12,4.1,4.12,4.12,4.12
Rwanda,,,,,,,,,,,,,,,,,,,,,,,,,,,,,,,,,,,,,,,4.97,5.64,6.32,6.99,7.66,8.34,9.16,9.98,10.8,11.6,12.5,13.3,14.1,14.9,15.7,16.6,17.4,18.2,19,20.2,20.2
Saudi Arabia,,,,,,,,,,,,,,,,,,,,,,,,,,,,,,,672,690,709,728,746,765,784,802,820,833,848,858,870,895,943,936,929,922,915,907,900,894,895,949,930,956,974,974,974
Sudan,,,,,,,,,,,,,,,,,,,,,,,,,,,,,,,,,,,,,,,,,,,,,,,,,,,119,119,119,119,119,119,119,119,119
Senegal,,,,,,,,,,,,,,,,,,,,,,,,,,7.23,7.32,7.42,7.51,7.61,7.7,7.79,7.89,7.98,8.08,8.17,8.26,8.36,8.45,10.1,11.8,11.9,12,12.1,12.2,12.3,12.4,12.4,12.5,12.6,12.7,12.8,12.9,13,13.1,13.2,16.1,16.3,16.3
Singapore,,,,,,,,,,,,,,31.7,43,54.3,65.7,77,88.4,99.7,111,122,134,145,156,168,179,190,201,212,223,235,246,257,269,280,291,303,314,328,338,353,367,378,346,315,284,252,220,188,160,132,109,84.6,85,83.2,81.4,82.2,83.1
Sierra Leone,,,,,,,,,,,,,,,,,,,,,,,,,,0.864,0.75,0.636,0.522,0.408,0.294,0.313,0.331,0.35,0.368,0.386,0.405,0.423,0.441,0.452,0.463,0.474,0.485,0.496,0.496,0.496,0.496,0.496,0.496,0.496,0.496,0.496,0.496,0.496,0.496,0.496,0.496,0.496,0.496
El Salvador,,,,,,,,,,,,,,,,,,,,,,,,,,,,,,,4.55,5.05,5.56,6.06,6.56,7.07,7.57,8.08,8.58,9.51,10.4,11.4,12.3,13.2,12,10.8,9.58,8.37,7.16,5.94,4.73,3.52,2.31,2.36,2.35,2.42,2.41,2.43,2.43
Somalia,,,,,,,,,,,,,,,,,,,,,,,,,,6.02,7.44,8.86,10.3,11.7,13.1,14.5,16,17.4,18.8,20.2,21.6,23,24.5,24.5,24.5,24.5,24.5,24.5,24.5,24.5,24.5,24.5,24.5,24.5,24.5,24.5,24.5,24.5,24.5,24.5,24.5,24.5,24.5
Serbia,,,,,,,,,,,,,,,,,,,,,,,,,,,,,,,,,,,,,,,,,,,,,2.39,4.46,5.29,5.22,4.98,5.35,4.96,5.31,4.43,5.28,5.3,6.06,6.26,6.33,6
South Sudan,,,,,,,,,,,,,,,,,,,,,,,,,,,,,,,,,,,,,,,,,,,,,,,,,,,4.23,4.23,4.23,4.23,4.23,4.23,4.23,4.23,4.23
Sao Tome and Principe,,,,,,,,,,,,,,,,,,,,,,,,,,,,,,,,0.321,0.389,0.456,0.524,0.592,0.659,0.727,0.794,0.862,0.93,0.997,1.06,1.13,1.2,1.27,1.34,1.4,1.47,1.54,1.61,1.67,1.74,1.81,1.88,1.88,1.88,1.88,1.88
Suriname,,,,,,,,,,,,,,,,,,,,,,,,,,2.95,3.05,3.16,3.26,3.37,3.47,3.57,3.68,3.78,3.88,3.99,4.09,4.19,4.3,4.24,4.18,4.12,4.07,4.01,3.95,3.95,3.95,3.95,3.95,3.95,3.95,3.95,3.95,3.95,3.95,3.95,3.95,3.95,3.95
Slovak Republic,,,,,,,,,,,,,,,,,,,,,,,,,,,,,,,,3.14,2.95,2.77,2.69,5.64,5.44,5.24,5.04,4.88,4.71,4.44,4.17,3.9,3.43,2.96,2.86,2.7,2.58,2.55,2.86,2.74,2.41,2.47,2.39,2.39,2.39,2.4,2.39
Slovenia,,,,,,,,,,,,,,,,,,,,,,,,,,,,,,,,,,,,,,,,,6.08,6.13,6.19,6.24,6.28,6.32,7.03,6.37,6.26,5.75,6.27,7.81,6.63,6.06,6,6.3,6.5,6.38,6.78
Sweden,,,,,,,,,5.88,5.9,5.91,5.93,5.95,5.97,5.96,5.95,5.94,5.93,5.92,5.6,5.27,4.94,4.61,4.29,4.29,4.29,4.29,4.29,4.28,4.29,4.29,4.17,4.05,3.93,3.92,3.91,3.9,3.89,3.88,3.86,3.86,3.84,3.82,3.8,3.8,3.8,3.82,3.85,3.88,3.79,3.7,3.61,3.52,3.43,3.46,3.49,3.52,3.55,3.58
Eswatini,,,,,,,,,,,,,,,,,,,47.7,49.1,50.5,51.9,53.3,54.7,56.1,57.5,58.9,60.3,61.7,63.1,64.5,65.9,67.3,68.7,70.1,71.5,72.9,74.3,75.7,76,76.4,76.8,77.2,77.6,77.6,77.6,77.6,77.6,77.6,77.6,77.6,77.6,77.6,77.6,77.6,77.6,77.6,77.6,77.6
Syria,,,,,,,,,,,,,,29.7,34.4,39.1,43.7,48.4,53.1,57.7,62.4,67.1,71.7,76.4,81.1,85.7,90.4,95,99.7,104,109,114,120,120,124,128,133,131,134,139,146,129,126,126,126,126,126,126,125,125,124,124,124,124,124,124,124,124,124
Chad,,,,,,,,,,,,,,,,,,,,,,,,,,0.884,1.11,1.33,1.56,1.78,2.01,2.23,2.46,2.68,2.91,3.13,3.36,3.58,3.81,4.01,4.21,4.24,4.27,4.29,4.29,4.29,4.29,4.29,4.29,4.29,4.29,4.29,4.29,4.29,4.29,4.29,4.29,4.29,4.29
Togo,,,,,,,,,,,,,,,,,,,,,,,,,,1.38,1.48,1.57,1.66,1.75,1.84,1.94,2.03,2.12,2.21,2.3,2.4,2.49,2.58,2.58,2.57,2.84,3.12,3.39,3.39,3.39,3.39,3.39,3.39,3.39,3.39,3.39,3.39,3.39,3.39,3.39,3.39,3.39,3.39
Thailand,,,,,,,,,,,,,,,,,,,,,,,,,,,,,,,,,,,,,,,,,,,,,,23,23,23,23,23,23,23,23,23,23,23,23,23,23
Tajikistan,,,,,,,,,,,,,,,,,,,,,,,,,,,,,,,,,76,76.9,77.7,78.6,79.5,80.3,81.2,80,78.8,77.5,76.3,75.1,73.9,73.3,72.7,72.1,71.6,71,70.4,69.9,69.3,68.7,57.7,52.7,64.5,69.9,69.9
Turkmenistan,,,,,,,,,,,,,,,,,,,,,,,,,,,,,,,,,122,123,124,125,126,127,128,131,134,137,144,144,144,144,144,144,144,144,144,144,145,145,145,149,138,143,135
Timor-Leste,,,,,,,,,,,,,,,,,,,,,,,,,,,,,,,,,,,,,,,,,,,28.3,28.3,28.3,28.3,28.3,28.3,28.3,28.3,28.3,28.3,28.3,28.3,28.3,28.3,28.3,28.3,28.3
Trinidad and Tobago,,,,,,,,,,,,,,,,,,,,,,,,,,,,,,,,,,,,18,18.3,18.6,19,19.4,19.7,20.1,20.5,18.7,19,19.2,19.5,19.8,20.1,20.3,20.3,20.3,20.3,20.3,20.3,20.3,20.3,20.3,20.3
Tunisia,,,,,,,,,,,,,,27.2,31.4,35.6,39.8,44,48.2,50.3,52.3,54.3,56.4,58.4,62.3,66.3,70.2,74.1,77.9,76.8,75.7,74.6,73.4,72.3,71.2,70.1,69,67.8,66,71.3,71.7,72.1,72.5,72.8,73.2,73.6,74,76.6,79.1,81.7,84.3,86.9,89.4,92,94.6,89.5,96,96.3,98.1
Turkey,,,,,,,,,,,,,,,,,,,,,,,,,,,,,,,23.5,24,24.5,25,25.5,26,26.5,27,31.2,30.4,29.6,28.8,29.4,29.9,30.4,30.8,31.2,33.5,34.9,36.2,37.5,38.1,38.6,39.9,44.3,43.7,45.4,45.7,45.7
Tanzania,,,,,,,,,,,,,,,,,,,,,,,,,,,,,,,,,3.71,4.87,6.03,7.18,8.34,9.49,10.7,11.8,13,13,13,13,13,13,13,13,13,13,13,13,13,13,13,13,13,13,13
Uganda,,,,,,,,,1.83,1.87,1.91,1.95,1.99,2.03,2.07,2.11,2.15,2.19,2.23,2.26,2.3,2.34,2.38,2.42,2.46,2.5,2.54,2.58,2.62,2.66,2.7,2.74,2.78,2.82,2.86,2.9,2.94,2.98,3.02,3.16,3.31,3.73,4.15,4.57,4.99,5.41,5.83,5.83,5.83,5.83,5.83,5.83,5.83,5.83,5.83,5.83,5.83,5.83,5.83
Ukraine,,,,,,,,,,,,,,,,,,,,,,,,,,,,,,,33.7,32.4,31.2,29.9,28.7,27.4,26.2,24.9,23.7,22.9,22,21.2,20.4,19.5,19.5,19.4,19.4,19.3,19.2,18,16.7,15.4,14.1,11.8,12.1,13.9,13.9,13.7,12.3
Uruguay,,,,1.74,1.97,2.2,2.43,2.66,2.89,3.12,3.35,3.58,3.81,4.04,4.27,4.5,4.73,4.96,5.19,5.42,5.65,5.88,6.11,6.34,6.57,6.8,7.03,7.26,7.49,7.72,7.95,8.18,8.41,8.64,8.87,9.1,9.33,9.56,9.79,9.79,9.79,9.79,9.79,9.79,9.79,9.79,9.79,9.79,9.79,9.79,9.79,9.79,9.79,9.79,9.79,9.79,9.79,9.79,9.79
USA,,,,,,,,,,,,,,,,,,,32.8,32.5,32.1,31.8,31.5,31.1,30.8,30.5,30.1,29.8,29.5,29.5,29.6,29.6,29.7,29.7,29.8,29.9,29.9,30,30,30.1,30.1,30.2,30.3,30.3,29.6,28.8,28.1,27.3,26.5,26.9,27.2,27.5,27.8,28.2,28.2,28.2,28.2,28.2,28.2
Uzbekistan,,,,,,,,,,,,,,,,,,,,,,,,,,,,,,,,,154,154,154,154,153,153,153,154,151,148,144,141,141,142,142,143,143,143,144,144,145,158,156,169,169,169,169
St. Vincent and the Grenadines,,,,,,,,,,,,,,,,,,,,,,,,,,,,,,,,,,10,9.95,9.9,9.85,9.8,9.75,9.7,9.42,9.33,9.25,9.5,9.3,9.1,8.9,8.7,8.5,8.3,8.1,7.9,7.9,7.9,7.9,7.9,7.9,7.9,7.9
Venezuela,,,,,,,,,1.37,1.42,1.48,1.53,1.59,1.64,1.7,1.75,1.81,1.86,1.92,1.97,2.03,2.08,2.14,2.19,2.25,2.3,2.36,2.41,2.47,2.52,2.58,2.63,2.69,2.74,2.8,2.85,2.91,2.96,3.02,3.68,4.34,4.76,5.38,6.01,6.59,7.54,7.54,7.54,7.54,7.54,7.54,7.54,7.54,7.54,7.54,7.54,7.54,7.54,7.54
Vietnam,,,,,,,,,,,,,,,,,,,8.39,8.71,9.04,9.37,9.7,10,10.3,10.6,10.9,11.1,11.4,11.9,12.3,12.8,13.2,13.7,14.1,14.6,15,15.5,15.9,16.4,16.8,17.2,17.7,18.1,18.1,18.1,18.1,18.1,18.1,18.1,18.1,18.1,18.1,18.1,18.1,18.1,18.1,18.1,18.1
Yemen,,,,,,,,,,,,,,,,,,,,,,,,,,,,,139,141,144,146,148,150,153,155,157,159,161,163,165,166,168,170,170,170,170,170,170,170,170,170,170,170,170,170,170,170,170
South Africa,,,,,,,,,,,,,,,,,,,,,,,,,,,,,42.6,42.3,42,41.8,41.5,41.3,41.2,41.1,41,41,40.8,41.5,42.1,42.8,43.5,44.2,44.9,45.5,46.2,46.9,47.6,48.3,49,45.7,52.7,59.8,61,62.1,62.9,64,65
Zambia,,,,,,,,,,,,,,,,,,,,,,,,,,,,,,,3.15,3.11,3.08,3.05,3.02,2.99,2.96,2.93,2.9,2.87,2.84,2.84,2.84,2.84,2.84,2.84,2.84,2.84,2.84,2.84,2.84,2.84,2.84,2.84,2.84,2.84,2.84,2.84,2.84
Zimbabwe,,,,,,,,,,,,,,,,,,,,,,,,,,11.5,13.3,15.2,17.1,18.9,20.8,22.7,24.5,26.4,28.3,30.1,32,33.9,35.7,37.6,39.5,38.3,37.1,35.9,34.7,33.5,33.3,33.1,32.9,32.7,32.5,32.3,32.1,31.9,31.9,31.3,35.4,35.4,35.4
