country,1960,1961,1962,1963,1964,1965,1966,1967,1968,1969,1970,1971,1972,1973,1974,1975,1976,1977,1978,1979,1980,1981,1982,1983,1984,1985,1986,1987,1988,1989,1990,1991,1992,1993,1994,1995,1996,1997,1998,1999,2000,2001,2002,2003,2004,2005,2006,2007,2008,2009,2010,2011,2012,2013,2014,2015,2016,2017,2018,2019,2020,2021,2022
Aruba,,,,,,,,,,,,,,,,,,,,,,,14.3,15.7,17.1,18.6,20.2,21.5,24.4,27,28.5,28,29.1,29,28.8,35.4,42.3,40.6,41.6,42.1,42.8,40.9,40.5,40.3,40.6,40.5,40.4,39.9,39.2,37,34.9,,35.3,34,33.8,33.6,,,,32.9,32.8,32.9,
Afghanistan,0.0893,0.0856,0.0856,0.0856,0.0856,0.0972,0.0934,0.0934,0.0934,0.0934,0.149,0.143,0.143,0.143,0.143,0.177,0.179,0.175,0.196,0.195,0.207,0.284,0.278,0.291,0.293,0.295,0.306,0.32,0.327,0.328,0.338,0.344,0.241,0.207,0.188,0.177,0.17,0.163,0.157,0.151,0.148,0.147,0.157,0.162,,,,,,0.0187,0.059,0.0462,0.295,0.304,0.312,0.326,0.33,0.333,0.348,0.356,0.374,0.364,
Angola,0.124,0.122,0.122,0.122,0.122,0.174,0.173,0.173,0.173,0.173,0.216,0.221,0.221,0.221,0.221,0.256,0.261,0.266,0.322,0.373,0.432,0.425,0.551,0.495,0.478,0.475,0.465,0.58,0.588,0.586,0.592,0.589,0.387,0.409,0.394,0.379,0.366,0.419,0.424,0.423,0.396,0.453,0.458,0.469,0.502,0.497,0.487,0.451,0.527,1.35,1.2,0.657,0.827,0.822,1.06,1.01,1.04,0.533,0.55,0.386,0.356,0.348,0.264
Albania,0.4,0.418,0.418,0.418,0.418,0.696,0.738,0.738,0.738,0.738,7.44,8.04,8.04,8.04,8.04,0.817,0.829,0.858,0.872,0.9,0.928,0.969,0.986,1,1.02,1.05,1.09,1.11,1.13,1.17,1.21,1.26,1.36,1.3,1.26,1.28,1.95,2.67,3.58,4.38,4.8,6.26,7.04,8.24,8.96,9.2,8.52,10.1,11.6,12.4,11.4,11.7,10.8,9.74,8.17,7.87,8.63,8.57,8.64,8.45,7.79,6.93,6.23
Andorra,,,,,,3.69,2.7,2.7,2.7,2.7,9.52,7.79,7.79,7.79,7.79,14,14.2,15.2,17,18.5,19.7,24.2,26.9,29.7,30.8,32,34.2,35.4,36.1,37.6,40.1,42.2,44.2,45.2,46.5,47.3,48.3,49.4,50.5,51.2,51.8,50.9,49.3,47.6,45.5,44.4,45.5,47.5,49.1,51.3,53.4,54.4,54,54,53.4,54.1,53.3,52,52.5,51.9,62.6,63,63.7
UAE,,,,,,,,,,,,,,,,4.75,5.87,7.05,8.95,10.6,11.9,13,14,14.4,14.4,15,15,15.7,17.6,19.7,20.9,21.8,23.2,24.9,26.4,27.6,28.7,30.4,31.3,31.5,31.1,30.5,30.1,29.8,29.7,28.9,26.7,23.6,22.8,19.8,17.4,21.3,22.7,23.8,23.8,25.3,25.4,25.6,25.6,25.6,25.6,24,24.2
Argentina,4.49,4.47,4.47,4.47,4.47,4.99,4.96,4.96,4.96,4.96,5.4,5.39,5.39,5.39,5.39,6.38,6.38,6.33,6.37,6.51,6.7,7.72,8.16,7.73,8.71,8.95,9.3,9.5,10,9.59,9.27,9.46,10.7,11.7,14.5,16.4,17.7,19.1,19.6,19.7,21.3,21.7,20.3,22.5,22.7,24.2,24,23.8,24.2,24,24.1,23.4,22.5,22.8,22.9,23.3,23.3,22.1,22,17.3,16.3,16.8,16.7
Armenia,,,,,,,,,,,,,,,,6.71,7.25,8.43,8.89,9.36,9.57,10.7,11.2,11.7,12.2,12.7,13.2,14,14.9,15.4,15.7,15.8,16.2,16.9,17.4,17.5,17.6,17.4,17.2,17,16.8,17,17.5,18.3,18.9,19.5,20,20.8,21,20.2,20.1,20,20,19.9,19.8,19.2,18.6,17.6,16.8,16,15.2,15,13.2
American Samoa,,,,,,,,,,,,,,,,,,,,,,,13,12.5,12.2,11.8,11.5,11.2,10.9,10.6,11.5,11.2,12,15.6,18.2,18.4,18.3,18.2,18,17.7,17.6,21.6,24.2,18.5,18,18.2,18.3,18.4,18.6,18.8,19,,18.6,18.9,19,19.5,,,,21.1,21.7,22.2,
Antigua and Barbuda,,,,,,,,,,,2.63,2.65,2.65,2.65,2.65,2.97,2.97,,,,,5.38,6.13,7.64,8.87,10.8,12.4,14.8,17.2,20.4,25.2,21.5,26,29.2,36.2,37.9,40.1,43.5,46.9,49.4,51,48.9,49.3,48.7,48.1,45.7,46.4,46.2,45.6,44.2,42.4,40.9,37.8,37.4,22.3,22.2,24.8,26.3,,29.3,29.1,29,
Australia,15.2,15.3,15.3,15.3,15.3,17.7,17.8,17.8,17.8,17.8,21.5,21.1,21.1,21.1,21.1,25.5,26.4,27.5,29,30.6,32.2,34,35.3,36.3,37.6,39.2,40.6,41.9,42.9,44.2,45.7,46.6,47.3,48.4,49.7,49.4,50.4,50.8,51.3,51.9,52.8,52.3,53.4,53.1,52,50.2,48.6,46.9,44.1,49.4,48.3,47.3,46.1,44.8,39.2,35.7,35,34.4,32.8,24.5,21.3,25.9,24.5
Austria,6.09,6.06,6.06,6.06,6.06,9.01,8.97,8.97,8.97,8.97,13,12.9,12.9,12.9,12.9,19.9,21.5,23.1,24.9,26.9,29,30.7,32.2,33.7,34.9,36.1,37.2,38.4,39.6,40.7,42,43.1,44.2,45.3,46.5,47.8,49,49.8,50.3,49.3,49.9,49.7,48.1,47.7,46.8,45.4,43.6,41.1,39.5,39,40.6,40.4,40.1,39.3,41.2,41.8,40.8,42.2,42.3,41.9,42.5,42.7,39.6
Azerbaijan,,,,,,,,,,,,,,,,3.54,3.82,4.41,4.67,5.08,5.33,6.03,6.24,6.45,6.64,6.82,7.13,7.43,7.7,8.03,8.35,8.23,8.12,8.02,8.12,8.11,8.11,8.23,8.46,9.01,9.78,10.4,11.1,11.1,11.8,12.6,13.4,14.1,14.6,15.4,16.3,18,18.2,18.3,18.4,18.2,17,16.8,16.6,16.4,16.1,15.9,15.8
Burundi,,,,,,0.0449,0.0452,0.0452,0.0452,0.0452,0.0572,0.0575,0.0575,0.0575,0.0575,0.072,0.0679,,,,,0.0445,0.0478,0.0514,0.0787,0.107,0.132,0.138,0.139,0.143,0.145,0.183,0.224,0.28,0.283,0.291,0.256,0.268,0.296,0.307,0.317,0.318,0.332,0.348,0.39,0.376,0.364,0.359,0.367,0.357,0.383,0.317,0.178,0.209,0.206,0.203,0.179,0.21,0.216,0.176,0.15,0.127,0.116
Belgium,8.56,8.5,8.5,8.5,8.5,11.2,11.1,11.1,11.1,11.1,14,13.9,13.9,13.9,13.9,18.9,19.9,20.9,22.2,23.6,24.8,26.3,27.6,28.6,29.6,30.7,32.6,34,35.5,37.4,39.3,41,42.6,43.8,45.1,46.4,45.7,47,47.7,49,49.1,49.8,47.6,46.9,45.9,45.6,44.7,45.5,44.1,42.9,42.7,42.3,42,41.3,40.6,39.9,38.6,37.6,35.9,34.1,31.4,28.5,25.3
Benin,0.0866,0.0895,0.0895,0.0895,0.0895,0.0841,0.0874,0.0874,0.0874,0.0874,0.116,0.12,0.12,0.12,0.12,0.157,0.169,0.18,0.193,0.206,0.222,0.239,0.239,0.239,0.246,0.246,0.264,0.281,0.281,0.286,0.288,0.284,0.289,0.358,0.404,0.466,0.527,0.571,0.583,0.643,0.738,0.822,0.843,0.868,0.922,0.936,0.92,1.28,1.29,1.39,1.41,1.57,1.56,1.55,1.84,1.78,1.11,0.49,0.406,0.292,0.256,0.0884,0.0114
Burkina Faso,,,,,,,,,,,0.0267,0.0267,0.0267,0.0267,0.0267,0.0391,0.0415,0.0623,0.0608,,,0.0936,0.0981,0.0994,0.101,0.0996,0.117,0.137,0.148,0.163,0.177,0.191,0.206,0.222,0.261,0.29,0.321,0.333,0.368,0.41,0.448,0.474,0.49,0.511,0.634,0.657,0.662,0.791,0.975,0.974,0.893,0.852,0.826,0.779,0.686,0.401,0.393,0.383,0.376,0.359,0.349,0.368,
Bangladesh,,,,,,,,,,,0.0666,0.0701,0.0701,0.0701,0.0701,0.0803,0.089,0.0973,0.107,0.109,0.113,0.117,0.122,0.126,0.129,0.158,0.167,0.174,0.182,0.183,0.203,0.203,0.209,0.217,0.227,0.243,0.264,0.302,0.332,0.342,0.38,0.429,0.452,0.544,0.599,0.759,0.795,0.823,0.925,0.842,0.863,0.651,0.632,0.703,0.625,0.548,0.48,0.437,0.886,0.876,0.83,0.172,0.16
Bulgaria,,,,,,,,,,,,,,,,,,,,8.97,10.1,12.7,12.6,15.1,15.7,16.8,18,19.7,21.3,22.6,24.8,25.3,27,28,29.1,30.2,31.5,32.2,33.5,34.7,35.6,35.9,36,35.6,34.7,31.9,30.9,29.8,28.5,28.9,28.5,30.1,28.5,26.1,24.6,22.6,20.4,18,15.7,13.8,12.5,11.4,10.2
Bahrain,,,,,,1.66,1.71,1.71,1.71,1.71,2.83,2.96,2.96,2.96,2.96,4.91,5.23,6.15,6.73,9.61,11.4,12.1,12.9,14.1,15.3,16,16.2,16.1,17.2,17.5,18.2,18.8,20.3,21.7,22.9,23,22.8,23.3,23.4,23.9,24,23.8,23.4,23.9,23,21.5,20,19.6,19.8,20.2,18.8,22.8,24.4,23.1,21.7,20.6,19.9,19.5,18.5,18.3,18.6,17.9,17.2
Bahamas,,,,,,,,,,,11.4,12,12,12,12,11.3,12.8,12.6,13.6,13.3,13.9,14.1,17.1,15.3,16.1,17.1,19.3,21.1,22.4,23.3,25.8,28.3,27.2,26.4,26.8,27.9,29.3,31.6,33.6,34.7,35.2,37.4,37.9,39,40.8,38.3,37.3,37.1,36.6,35,34.6,35.2,35.3,35.3,32.3,30.8,30.6,28.5,28.2,22.5,22.4,21,21.1
Bosnia and Herzegovina,,,,,,,,,,,,,,,,,,,,,,,,,,,,,,,,,14,15.2,6.64,6.34,6.97,7.48,8.1,8.86,18.7,20.2,21.5,22.4,23,23.7,24.4,26.6,26.2,25.8,26.2,25.5,25.3,24.6,23.8,22.3,22.5,22.1,21.8,21.7,21.3,21.1,20.1
Belarus,0.894,0.923,0.923,0.923,0.923,1.3,1.35,1.35,1.35,1.35,2.81,2.89,2.89,2.89,2.89,5.16,5.66,6.07,6.51,6.93,7.36,7.66,8.08,8.6,9.65,9.9,10.9,12,13,14.1,15.1,16,16.7,17.3,18,18.8,20.4,22.2,24,25.6,26.8,28.1,29.3,30.5,31.8,33.1,34.1,37.4,38,40.8,42.5,43.4,45.5,46.1,46.6,46.8,46.5,46.4,46.3,46,45.7,45.2,44.4
Belize,1.11,1.11,1.11,1.11,1.11,2.67,2.64,2.64,2.64,2.64,2.48,2.46,2.46,2.46,2.46,2.52,2.51,2.58,2.58,2.72,2.67,2.62,3.43,3.87,3.81,4.28,4.78,5.85,7.01,8.54,9.49,11.4,13.1,14.7,14.2,14.2,14.1,14.1,14.4,15.5,14.9,14.2,12.2,12.6,12.4,12,11.9,11.4,10.2,9.92,9.4,8.75,7.54,6.98,6.44,6.56,6.1,5.63,5.46,4.75,4.81,4.75,
Bermuda,22.1,20.7,20.7,20.7,20.7,26.6,25.4,25.4,25.4,25.4,30.8,30.5,30.5,30.5,30.5,32.9,33.5,36.3,38.3,40.2,41.8,43.6,48.7,50.2,52,53.6,56,58.2,61,63.6,64.9,67.4,68.2,71.6,74.8,78,81.1,86.1,88.7,90.1,91.4,90.9,90.1,86.4,85.8,83.3,91.4,91.2,91.1,91.1,91.1,,109,113,46.1,19,32.3,34.6,,39.2,39,38.9,
Bolivia,,,,,,,,,,,,,,,,,,,,,2.36,2.42,2.47,2.45,2.52,2.49,2.45,2.47,2.43,2.45,2.57,2.82,2.81,3.07,3.16,3.15,4.36,4.73,5.46,5.96,5.94,6,6.64,6.74,6.79,6.89,6.98,6.98,7.99,8,8.33,8.45,8.33,8.14,8.03,7.95,7.7,7.44,6.13,5.54,5.01,4.55,
Brazil,0.889,0.901,0.901,0.901,0.901,1,1.02,1.02,1.02,1.02,1.3,1.31,1.31,1.31,1.31,2.03,2.26,2.69,3.19,3.59,4.05,4.26,4.55,4.81,5,5.26,5.34,5.48,5.69,5.94,6.24,6.57,6.95,7.13,7.62,8.11,9.1,10.1,11.7,14.4,17.6,21,21.5,21.5,21.4,21.3,20.5,20.7,21.4,21.3,21.5,21.7,22.2,22.3,21.7,21.3,20.3,19.4,18.2,15.9,14.4,13.5,12.7
Barbados,2.98,3,3,3,3,4.54,4.59,4.59,4.59,4.59,7.74,7.82,7.82,7.82,7.82,10.9,11.7,12.5,13,13.4,13.6,13.7,14.9,16.3,17.9,18.8,20,21.3,23,25.6,27.9,30.1,30.8,31.6,32.6,34.4,36.7,41.2,42.9,43.5,46.8,48.6,49.9,50.1,50.6,50.1,49.6,49.5,49.5,49.6,50,51.1,51.9,53.7,48.9,53.8,50.1,43.2,45.8,45.7,45.6,43,43.1
Brunei,,,,,,,,,,,,,,,,,,4.22,4.65,5.22,5.91,7.22,7.48,8.19,8.85,9.37,9.7,10.4,11.2,11.9,13.4,14.5,17.3,19.4,21.1,22.8,25.7,24.5,24.3,24.2,24.1,26,23.4,23.1,23.1,22.9,21.5,21,21,20.6,20.2,19.9,17.4,,17.2,18,17.4,19.5,19,19.8,23.5,25.2,27.2
Bhutan,0,0,0,0,0,0.098,0.0984,0.0984,0.0984,0.0984,0.129,0.129,0.129,0.129,0.129,0.162,0.184,0.178,0.172,0.274,0.287,0.28,0.294,0.307,0.308,0.31,0.321,0.321,0.321,0.338,0.335,0.44,0.542,0.731,0.877,0.994,1.13,1.18,1.87,2.1,2.41,2.91,3.17,3.73,4.66,4.97,4.68,4.38,3.98,3.78,3.73,3.85,3.74,3.63,3.24,2.93,2.81,2.83,2.89,2.81,2.98,2.53,2.5
Botswana,0.078,0.0796,0.0796,0.0796,0.0796,0.21,0.214,0.214,0.214,0.214,0.388,0.366,0.366,0.366,0.366,0.646,0.652,0.682,0.695,0.716,0.759,0.795,0.83,0.892,0.917,0.929,0.996,1.2,1.44,1.71,1.97,2.36,2.57,2.97,3.36,3.87,4.56,5.29,6.16,7.32,7.87,8.41,8.25,7.19,7.09,7.21,6.85,6.96,7.09,6.71,6.57,7.01,7.38,7.85,7.49,6.96,6.04,5.88,5.81,5.7,5.5,3.62,3.49
Central African Republic,,,,,,,,,,,,,,,,,,,0.108,0.0998,0.108,0.101,0.116,0.112,0.11,0.102,0.151,0.157,0.163,0.166,0.178,0.185,0.204,0.219,0.231,0.256,0.288,0.284,0.269,0.27,0.252,0.232,0.229,0.236,0.243,0.238,,,,0.078,0.0199,0.0172,0.0172,0.0167,0.0167,0.039,0.0401,0.0421,0.043,0.0384,0.0374,0.0367,
Canada,27.8,27.9,27.9,27.9,27.9,26.8,26.8,26.8,26.8,26.8,30.4,30.5,30.5,30.5,30.5,35.8,36.7,37.6,38.7,39.6,40.7,41.5,41.2,41.3,46.2,48.3,49.6,50.9,52.1,53.8,55.3,56.5,57.3,58.3,59.5,60,60.7,62.4,64,67,67.9,68.1,65.8,65.2,64.4,56.3,56.1,55.6,54.9,55.7,54.2,53.2,51.1,48.3,46.3,43.7,42,39.6,37.4,36.2,35.2,30.9,29.4
Switzerland,20.5,20.7,20.7,20.7,20.7,25,25.2,25.2,25.2,25.2,31.5,31.6,31.6,31.6,31.6,39,40,41.4,42.6,43.8,44.9,46,47.1,48.2,49.4,50.7,52,53.5,55.1,56.9,58.7,60.1,60.9,61.5,60.9,63.7,64.7,66.1,68.7,70.9,72.9,74.5,74,72.6,71.2,69.3,67.2,65.3,63.2,66.4,62.7,61.9,59.1,56.8,53.4,50,45.1,42.1,39.1,37,35.5,34,33.4
Chile,1.62,1.62,1.62,1.62,1.62,1.81,1.81,1.81,1.81,1.81,2.41,2.42,2.42,2.42,2.42,2.79,2.85,2.96,3.1,3.1,3.16,3.32,3.42,3.65,3.96,4.36,4.46,4.57,4.84,4.92,6.48,7.79,9.31,10.9,11.2,12.6,14.7,18.2,20.3,20.5,21.5,22.4,22.1,20.5,20.9,21.4,20.7,21,21.2,21.1,20.3,19.6,19,19.1,19.4,19.3,18.7,17.4,16,14.4,13.3,12.9,11.3
China,,,,,,,,,,,,,,,,0.185,0.189,0.194,0.202,0.21,0.218,0.223,0.231,0.244,0.266,0.294,0.325,0.356,0.424,0.501,0.594,0.722,0.969,1.45,2.26,3.34,4.47,5.68,7.01,8.66,11.5,14.2,16.7,20.4,24,26.9,28,27.7,25.6,23.4,21.8,21,20.4,19.4,18,16.6,14.7,13.7,13.6,13.4,12.8,12.7,12.6
Cote d'Ivoire,0.0995,0.105,0.105,0.105,0.105,0.191,0.203,0.203,0.203,0.203,0.31,0.333,0.333,0.333,0.333,0.35,0.367,0.373,0.396,0.408,0.451,0.494,0.526,0.549,0.538,0.573,0.593,0.597,0.604,0.596,0.611,0.657,0.653,0.677,0.748,0.81,0.876,0.928,1.07,1.34,1.57,1.7,1.84,1.31,1.39,1.36,1.4,1.25,1.76,1.36,1.34,1.28,1.25,1.21,1.06,1.17,1.19,1.23,1.19,1.04,0.984,0.966,0.935
Cameroon,,,,,,,,,,,,,,,,0.176,0.178,0.181,0.189,0.201,0.202,0.207,0.236,0.271,0.296,0.305,0.32,0.335,0.335,0.347,0.352,0.356,0.451,0.458,0.453,0.497,0.52,0.539,0.656,0.644,0.629,0.686,0.697,0.596,0.592,0.581,0.736,1.03,1.36,2.25,2.71,3.27,3.51,3.69,5.18,4.56,4.43,3.63,3.6,3.32,3.64,3.19,3.33
"Congo, Dem. Rep.",,,,,,,,,,,0.111,0.111,0.111,0.111,0.111,0.117,0.114,0.104,0.101,0.0977,0.0996,0.0875,0.0885,0.0884,0.0959,0.0942,0.0914,0.0887,0.0865,0.0919,0.0945,0.0941,0.0939,0.091,0.0867,0.0832,0.0816,0.0203,0.0204,0.0202,0.0202,0.0199,0.0194,0.0183,0.0192,0.0187,0.0166,0.00581,0.06,0.0659,0.0633,0.083,0.0838,0,0,0,0,0,0,0,0,0,
"Congo, Rep.",,,,,,0.323,0.338,0.338,0.338,0.338,0.351,0.369,0.369,0.369,0.369,0.345,0.378,0.382,0.397,0.43,0.464,0.475,0.469,0.489,0.487,0.493,0.485,0.498,0.666,0.68,0.665,0.689,0.711,0.739,0.77,0.781,0.781,0.765,0.749,0.729,0.702,0.676,0.66,0.204,0.39,0.433,0.361,0.339,0.221,0.272,0.302,0.31,0.317,0.325,0.33,0.336,0.328,0.32,,0.305,0.298,,
Colombia,1.75,1.71,1.71,1.71,1.71,2.15,2.1,2.1,2.1,2.1,2.85,2.77,2.77,2.77,2.77,3.58,3.6,3.83,4.04,4,4.11,4.24,4.72,4.63,5.25,5.8,6,6.27,6.62,6.82,7.41,7.91,8.31,9.07,9.95,10.8,12.7,14.5,16.8,17.3,18.3,18.5,19.2,19.1,18.2,18.2,18.4,18.3,18.1,16.9,16,15.7,15.4,15.4,15.4,15.1,14.9,14.5,14.2,14,14.2,14.7,14.6
Comoros,0,0,0,0,0,0.0465,0.0482,0.0482,0.0482,0.0482,0.124,0.13,0.13,0.13,0.13,0.161,0.173,0.201,0.227,0.251,0.274,0.296,0.317,0.337,0.383,0.424,0.459,0.507,0.567,0.689,0.757,0.823,0.85,0.866,0.902,0.905,1.01,1.09,1.21,1.24,1.26,1.62,1.83,2.32,2.6,2.86,3.15,4.22,4.58,4.79,3.23,3.45,3.51,3.29,3.29,2,1.75,2.26,1.33,1.27,0.939,0.902,0.881
Cape Verde,0.0896,0.0932,0.0932,0.0932,0.0932,,0.0932,0.0932,0.0932,0.0932,,0.0932,0.0932,0.0932,0.0932,0.49,,,,,0.454,0.487,0.521,0.571,0.653,0.671,1.08,1.61,1.81,1.9,2.26,2.44,3.04,3.89,4.59,5.23,5.99,7.72,9.08,10.4,11.9,13.8,14.8,14.9,14.7,14.5,14.3,14.2,14.1,13.9,13.8,14.1,13.2,12.3,10.9,11.5,11.6,11.5,11,9.97,9.9,9.32,9.61
Costa Rica,0.743,0.751,0.751,0.751,0.751,1.25,1.26,1.26,1.26,1.26,2.16,2.17,2.17,2.17,2.17,3.84,4.19,4.77,5.38,5.69,6.52,6.88,7.39,7.43,7.51,7.57,7.54,8.22,8.55,8.83,8.91,9.41,9.84,10.7,12.3,13.4,14.4,18.3,19.4,20.6,22.6,23.3,25.2,27.7,31.6,32.2,30.4,32.4,31.9,32.9,22.9,22,21,20.2,18.2,17.6,17,16.3,15.2,12.6,10.9,9.77,9.49
Cuba,2.14,2.18,2.18,2.18,2.18,,2.18,2.18,2.18,2.18,,2.18,2.18,2.18,2.18,,2.05,2.04,2.01,2.16,,2.36,2.46,2.55,2.55,2.65,2.81,3.59,3.39,2.89,3.17,3.16,3.12,3.22,3.21,3.23,3.25,3.37,3.51,3.92,4.4,5.16,5.96,6.47,6.84,7.61,8.54,9.36,9.65,9.92,10.3,10.6,10.8,10.9,11.2,11.4,11.7,11.9,12.2,12.8,13.3,13.7,14
Cayman Islands,,,,,,,,,,,13.3,15.3,15.3,15.3,15.3,17.8,19,20.5,21.6,23.2,24.3,,,,32.8,34.5,35.1,38.2,39.9,43.2,47.4,43.1,44.5,46.6,56.1,59.2,,53.5,74.9,82.3,88.3,92.6,89.5,86.6,83.9,81.3,78.9,70.6,70,68.7,69.1,67.1,65.8,63.1,55.2,55.1,54.8,54.7,,54.4,53.5,52.8,
Cyprus,1.86,1.86,1.86,1.86,1.86,3.54,3.54,3.54,3.54,3.54,5.44,5.44,5.44,5.44,5.44,8.53,9.58,8.71,10.7,12,13.1,15,16.4,18.9,22.3,25.1,28.5,32.5,36.2,39.3,42.4,45.2,47.6,49.7,51.7,52.9,55,57.2,59.3,61.4,63.1,61.7,59.9,58.7,57.1,56.5,53.9,52.7,51.9,50.6,49.2,47,43.1,40.7,38.7,38.2,37.5,36.7,35.6,36.5,35.1,34.3,
Czech Republic,,,,,,,,,,,,,,,,,,,,11.3,11.5,11.7,12,12.3,12.6,12.9,13.4,13.9,14.5,15.1,15.8,16.6,17.6,19.1,21.1,23.7,27.4,31.9,36.5,37.1,37.8,37.7,35.9,35.4,33.4,31.3,28,23.2,23.9,24.2,22.6,21,20.1,19,19,18.1,16.7,15.6,14.4,14.2,12.7,12.4,11.6
Germany,4.41,4.39,4.39,4.39,4.39,6.37,6.35,6.35,6.35,6.35,11,10.9,10.9,10.9,10.9,16.3,18.1,20.1,22.2,24.3,26.3,27.9,29.1,30.1,31.5,32.7,33.7,34.6,35.5,36.6,40.2,42.1,44.2,45.9,48,51.8,54.2,55.5,57.1,59.1,61.6,64.2,65.9,66.7,67.1,67.5,67,65.4,61.9,66.1,65,63.1,61.4,59.6,57.4,55.3,55,53.7,51.3,46,46.1,46.1,46.3
Djibouti,,,,,,,,,,,0.808,0.731,0.731,0.731,0.731,0.744,0.713,0.656,0.69,0.75,0.81,0.876,0.963,0.986,0.96,1.01,1.01,0.984,0.995,0.922,0.989,0.991,1.09,1.2,1.21,1.2,1.26,1.24,1.14,1.23,1.31,1.3,1.28,1.26,1.36,1.27,1.33,1.63,1.69,1.87,2.01,1.97,2.09,2.13,2.22,2.28,2.44,3.52,3.49,3.46,3.57,2.47,2.49
Dominica,,,,,,,,,,,1.89,1.83,1.83,1.83,1.83,3.06,3.54,4.06,4.33,0.55,1.66,,4.27,4.3,5.42,6.72,8.43,9.89,11.4,14.3,16.7,17.9,19.8,23,24.1,25.7,27.1,27.8,29.1,31.1,33.2,34.1,34.7,32.8,30.6,27.7,25.5,25.4,25.4,24,22.5,21.8,23.6,24.9,23.7,29.4,19,18.4,3.95,7.8,8.84,10.3,
Denmark,18.2,18.2,18.2,18.2,18.2,21.7,21.7,21.7,21.7,21.7,25.4,25.3,25.3,25.3,25.3,33.7,36.1,38.4,40.2,42.1,43.4,44.6,45.9,46.9,48.2,49.7,51.3,52.9,54.5,55.5,56.6,57.2,58.1,58.9,59.9,61,61.9,63.3,66,68.4,71.8,72.1,68.8,67,64.5,61.6,56.8,51.6,54.1,50.2,47.1,44.5,41.1,37.2,33.1,26.8,24.4,19.2,19.5,17.3,12.6,12.2,12.1
Dominican Republic,,,,,,,,,,,,,,,,,,,,,1.89,1.94,1.97,2.04,2.13,2.24,2.26,2.89,3.32,4.07,4.79,5.64,6.46,7,7.19,7.4,7.72,8.64,9.32,9.83,10.5,11,10.3,10.2,9.98,9.78,9.66,9.64,10.4,10,10.4,11.1,11.3,11.5,11.9,12.5,12.8,12.5,11.9,11.1,10.5,10.4,10.2
Algeria,,,,,,0.587,0.579,0.579,0.579,0.579,0.694,0.662,0.662,0.662,0.662,0.82,0.853,1.01,1.17,1.43,1.66,1.88,2.04,2.16,2.17,2.43,2.53,2.69,2.88,3.01,3.18,3.38,3.6,3.9,4.02,4.13,4.41,4.75,4.94,5.27,5.72,6.03,6.17,6.49,7.65,7.8,8.5,9.03,8.88,7.32,8.15,8.37,8.83,8.24,7.99,8.26,8.44,9.97,10,10.9,11,11.5,12.4
Ecuador,,,,,,0.899,0.915,0.915,0.915,0.915,1.46,1.48,1.48,1.48,1.48,2.32,2.41,2.46,2.59,2.74,2.79,2.89,3.03,3.01,2.93,2.9,3.02,3.45,3.85,4.45,4.69,4.6,4.87,5.37,5.8,6.04,6.8,7.51,8.12,9.1,9.7,10.4,10.8,11.5,11.8,12.2,12.7,12.8,13.2,13.7,13.9,14.5,14.9,15.2,15.3,15.5,14.9,14.5,13.9,12.7,11.7,10.4,9.13
Egypt,0.816,0.828,0.828,0.828,0.828,,0.828,0.828,0.828,0.828,0.835,0.842,0.842,0.842,0.842,0.89,0.89,0.892,0.9,0.919,,0.958,1.04,1.23,1.32,1.78,2.09,2.12,2.21,2.5,2.8,3.1,3.38,3.64,3.91,4.23,4.61,5.15,5.8,6.7,7.68,9.19,10.5,11.5,12.2,13.1,13.4,13.7,14.1,12.1,11,9.77,9.38,7.3,6.61,6.38,6.13,6.49,7.58,8.29,9.17,10.1,10.5
Eritrea,,,,,,,,,,,,,,,,,,,,,,,,,,,,,,,,,0.677,0.673,0.744,0.813,0.836,0.959,1.05,1.16,1.28,1.27,1.41,1.44,1.42,1.33,1.3,1.28,1.34,1.57,1.72,1.82,1.85,1.88,1.93,1.98,1.96,1.95,,1.89,1.86,1.82,
Spain,4.28,4.29,4.29,4.29,4.29,5.53,5.52,5.52,5.52,5.52,8.42,8.4,8.4,8.4,8.4,13.1,14.2,15.6,16.8,18,19.3,20.3,21.1,22.1,23.2,24.3,25.4,26.5,28.3,30.4,32.4,34,35.2,36.2,37.1,37.9,38.5,39.5,40.4,40.7,42,42.8,42.5,42.1,41.7,44.5,44.7,44.6,44.8,43.7,43.3,42.6,41.9,41.6,41.4,41.7,41.9,42,42.2,41.7,41.1,40.1,39.3
Estonia,,,,,,,,,,,,,,,,8.43,9.06,11.1,11.7,12.9,13.5,15.5,16,16.6,17.1,17.7,18.2,18.7,19.1,19.8,20.4,21.2,22,23.2,25.6,28.3,30.6,33,35.3,36.7,37.4,36.5,34.4,33.6,32.6,32.6,33.6,37,37.3,36.9,36.2,35.6,33.9,32.4,31,29.5,28.2,27.5,26.1,24.4,22.9,22.3,20.1
Ethiopia,0.0397,0.039,0.039,0.039,0.039,0.0688,0.068,0.068,0.068,0.068,0.117,0.116,0.116,0.116,0.116,0.14,0.158,0.17,0.173,0.176,0.183,0.192,0.2,0.219,0.229,0.237,0.249,0.248,0.238,0.251,0.262,0.267,0.244,0.246,0.248,0.248,0.251,0.256,0.26,0.299,0.346,0.411,0.498,0.553,0.643,0.788,0.91,1.07,1.06,1.05,1.02,0.903,0.844,0.784,0.822,0.869,1.09,1.09,,1.1,0.853,0.736,0.699
Finland,9.67,9.66,9.66,9.66,9.66,13.3,13.3,13.3,13.3,13.3,18.7,18.7,18.7,18.7,18.7,28.7,30.3,31.5,32.8,34.5,36.4,38.3,39.9,41.6,43.1,44.7,46.2,48,49.9,52,53.5,54.2,54.4,54.5,55,55,55.5,55.7,55.1,55.2,55,54.1,52.4,49.3,45.3,40.4,36.3,32.9,31.1,26.8,23.3,20,16.4,13.8,11.7,9.8,8.32,6.86,5.86,4.87,4.07,3.74,3.36
Fiji,1.29,1.31,1.31,1.31,1.31,1.51,1.53,1.53,1.53,1.53,1.82,1.84,1.84,1.84,1.84,2.81,2.96,3.09,3.2,3.39,3.71,3.71,3.8,3.83,4.06,4.1,4.47,4.5,4.66,5.07,5.44,5.81,6.3,6.84,7.52,8.18,8.79,8.92,9.45,9.9,10.4,11,11.5,11.9,12.1,12.9,13,13.7,14.4,15.2,14.3,14.3,9.7,7.69,8.27,7.91,8.08,8.26,6.12,5.56,5.27,5.25,
France,4.8,4.8,4.8,4.8,4.8,6.36,6.29,6.29,6.29,6.29,8.45,8.41,8.41,8.41,8.41,13.5,16,19,22.6,26.1,29.6,32.8,35.9,38.4,40.3,41.8,43.2,44.6,46.2,48,49.8,51.4,52.9,54.2,55.4,56.4,57.1,58.3,58.7,58.1,57.9,57.8,57.5,56.8,56.1,55.7,56,56.7,56.9,65.9,65.1,64.3,63,61.7,61,61,61,60.4,59.3,58.7,58.6,59,58.4
Faeroe Islands,9.39,9.27,9.27,9.27,9.27,13.1,12.9,12.9,12.9,12.9,18,17.7,17.7,17.7,17.7,25.9,27.8,29.1,30.3,31.2,32,33.6,35.1,35.6,37.8,38.8,39.8,41.8,44.3,46.4,48.1,50.7,51.6,51.6,51.3,50.8,51.8,52.9,53.6,55,54.6,50.1,52.1,51.3,49.9,49.3,47.7,46.4,45.1,43.2,41.7,40.4,38.6,44.6,43.3,41.1,38.5,35.9,33.7,30.5,29.3,29,
"Micronesia, Fed. Sts.",,,,,,,,,,,,,,,,,,,,,,,,1.2,1.29,1.44,1.48,1.57,1.87,2.16,2.48,2.67,2.91,5.79,6.63,7.14,7.43,7.57,8.17,8.84,8.64,9,9.02,9.97,10.8,11.2,8.08,7.94,8,8.07,7.86,7.79,7.76,9.25,6.44,6.22,6.26,6.29,,6.28,6.24,6.19,
Gabon,,,,,,,,,,,,,,,,,,,,,,1.36,1.33,1.35,1.32,1.4,1.48,1.55,1.83,1.97,2.11,2.6,2.66,2.8,2.87,2.85,3.04,3.16,3.2,3.06,3.06,2.85,2.39,2.79,2.73,2.68,2.43,1.71,2.07,2.2,1.78,1.27,1.23,1.01,0.94,0.925,0.908,0.992,0.995,0.994,1.11,1.35,1.82
UK,9.59,9.62,9.62,9.62,9.62,12,12,12,12,12,16.6,16.6,16.6,16.6,16.6,23.5,24.8,26.8,29.1,30.8,32.2,33.3,34.1,35.2,36.3,37.4,38.3,39.9,41.7,43.4,44.3,45.2,46.1,47.4,49.1,50.8,52.8,54.7,56.2,58,59.9,58.5,58.5,57.9,57.6,56.4,55.7,54.6,55.4,53.8,53.2,52.5,52,51.9,51.3,50.9,49.7,48.1,47.4,49,48.8,47.1,44.1
Georgia,,,,,,,,,,,,,,,,4.43,4.89,5.16,5.32,5.77,6.22,6.56,6.9,7.23,7.55,7.87,8.18,8.49,8.9,9.37,10,10.5,10.9,11.1,10.5,11.4,11.9,13.3,13.9,15.3,11.9,13.7,15.8,16.6,17.1,14.4,14.1,14.2,15.9,16.1,29,35.1,33.5,31.7,29.1,25.2,22.3,18.9,16,13.8,10.3,9.19,8.04
Ghana,,,,,,0.221,0.224,0.224,0.224,0.224,0.264,0.268,0.268,0.268,0.268,0.306,0.314,0.313,0.317,0.316,0.318,0.304,0.295,0.286,0.286,0.28,0.275,0.277,0.276,0.286,0.286,0.294,0.294,0.292,0.293,0.362,0.436,0.578,0.713,0.838,1.08,1.21,1.32,1.36,1.43,1.43,1.54,1.59,0.592,1.07,1.09,1.09,1.06,0.982,0.924,0.954,0.851,0.998,0.902,0.915,0.956,0.96,0.986
Gibraltar,8.98,8.37,8.37,8.37,8.37,,8.37,8.37,8.37,8.37,13.5,12.6,12.6,12.6,12.6,,,,,,,,,22.5,24.3,27.2,28.1,30.1,32.8,35.1,39.4,42.8,47.6,50.4,55.5,60.3,63.7,67.6,73.7,79.1,84.9,88.4,88,88.3,88.3,85.7,81.1,80,79,77.9,76.8,75.7,71.9,,72.1,,52.3,60.6,54.1,51.9,52.1,52.5,52.5
Guinea,0.0584,0.0588,0.0588,0.0588,0.0588,,0.0588,0.0588,0.0588,0.0588,0.111,0.113,0.113,0.113,0.113,,0.142,0.14,,,,0.205,0.224,0.247,0.271,0.262,0.229,0.208,0.167,0.18,0.178,0.175,0.158,0.164,0.128,0.145,0.211,0.252,0.19,0.258,0.292,0.302,0.303,0.298,0.292,0.274,0.246,0.23,0.276,0.22,0.175,0.171,0,0,0,0,0,0,0,,,0,
Gambia,,,,,,0.17,0.192,0.192,0.192,0.192,0.187,0.213,0.213,0.213,0.213,0.24,0.253,0.261,0.267,0.285,0.299,0.31,0.299,0.289,0.293,0.292,0.337,0.444,0.539,0.57,0.593,0.926,1.24,1.39,1.52,1.55,1.67,1.89,1.89,2.09,2.32,2.37,2.52,2.68,2.67,2.65,2.71,2.76,2.68,2.58,2.52,2.52,3.11,3.02,2.55,2,1.64,1.35,1.8,2.39,2.33,2.27,
Guinea-Bissau,0.0562,0.0527,0.0527,0.0527,0.0527,,0.0527,0.0527,0.0527,0.0527,,0.0527,0.0527,0.0527,0.0527,,,,,,,0.22,0.366,0.442,0.557,0.611,0.602,0.592,0.583,0.595,0.612,0.621,0.628,0.631,0.636,0.659,0.695,0.657,0.682,0.505,0.904,0.787,0.871,0.802,0.722,0.697,0.48,0.315,0.312,0.317,0,0,0,0,0,0,0,0,0,,,,
Equatorial Guinea,,,,,,,,,,,,,,,,,,,,,,0.168,0.19,0.208,0.223,0.238,0.252,0.289,0.301,0.29,0.279,0.269,0.259,0.25,0.466,0.449,0.63,0.628,0.886,0.885,0.891,0.959,1.17,1.22,1.27,1.16,1.1,1.05,1.01,0.958,1.24,1.27,1.25,1.2,1.17,0.841,0.786,0.771,0.722,0.708,0.705,0.692,0.68
Greece,2.14,2.2,2.2,2.2,2.2,4.87,4.91,4.91,4.91,4.91,10.4,10.2,10.2,10.2,10.2,19.2,20.3,21.2,22.3,23.5,24.4,25.5,26.6,28.2,30,31.7,33.1,34.6,35.8,37.1,38.3,40.3,42.9,44.9,46.7,48.1,49.3,49.9,50.6,51,51.3,50.6,56.7,56.7,57.2,56.8,55.6,49.3,47.4,54.3,53.5,52.2,49.8,49.4,49,48.7,48.4,48.4,48.1,45.5,46.2,47,47.3
Grenada,1.12,1.17,1.17,1.17,1.17,,1.17,1.17,1.17,1.17,,1.17,1.17,1.17,1.17,3.14,,,,,3.19,3.15,3.11,3.19,3.61,3.88,4.96,6.96,9.01,12.1,15.3,16.2,18.3,19.7,20.4,22.3,23,25.1,25.9,27.5,29.2,30.3,31,30,29.9,24.9,25,25.5,25.4,25,24.9,24.4,23.9,24.4,23.1,22.7,22.3,26.9,18.5,19.8,15.6,20.9,
Greenland,,,,,,1.5,1.53,1.53,1.53,1.53,3.43,3.39,3.39,3.39,3.39,9.51,11,12,14.3,16.8,19.1,19.9,20.9,21.3,22.4,23.2,24.8,27.2,28.8,29.9,29.9,30.1,30.3,31.5,33.2,35.1,37.7,41.7,44.5,45.7,46.6,42.9,44.8,44.5,44.2,56.5,63.3,40.8,40.3,39,38.7,35.3,33.6,32.1,30.7,28.6,,16.6,14.4,12.8,11.3,,
Guatemala,0.435,0.423,0.423,0.423,0.423,0.512,0.499,0.499,0.499,0.499,0.694,0.674,0.674,0.674,0.674,0.767,0.832,0.994,1.12,1.15,1.19,1.24,1.35,1.41,1.52,1.62,1.61,1.59,1.61,1.8,2.09,2.17,2.24,2.35,2.43,2.76,3.18,3.94,4.62,5.33,5.77,6.3,6.88,7.51,8.81,9.5,10.1,10.3,10.4,9.91,10.3,11,11.5,12.1,10.9,10.7,15.1,14.8,14.5,11.5,13.1,13.2,10.7
Guam,3.65,3.96,3.96,3.96,3.96,6.22,6.67,6.67,6.67,6.67,7.68,8.09,8.09,8.09,8.09,12.5,11.3,11.4,11.7,20.4,22.7,24.2,25,25.7,26.4,26.4,21.5,22.3,24,26.2,28.2,30.7,32.3,45.2,43,46.1,45.9,46.1,48,49,46.4,49.5,43.1,40.1,39.9,39.8,39.8,39.8,39.8,39.8,39.7,,40.3,40.1,40.2,40.5,,,,41.5,41.4,41,
Guyana,0.931,0.931,0.931,0.931,0.931,0.938,0.936,0.936,0.936,0.936,1.04,1.04,1.04,1.04,1.04,1.9,2.03,,,,,2.08,2.12,2.18,2.26,2.33,2.6,2.1,2.11,2.13,2.14,2.15,3.81,5.53,5.88,5.94,6.66,7.3,7.92,8.45,9.01,10.5,10.6,12.1,13.5,14.5,15.6,17,18.4,19.6,20,20.5,20.7,21,21.3,20.4,18.7,17.8,,15.6,15.7,15.5,
"Hong Kong, China",2.54,2.6,2.6,2.6,2.6,,2.6,2.6,2.6,2.6,12,12.3,12.3,12.3,12.3,18.8,20,21.3,22.7,24.1,25.7,27.2,28.6,30,31.2,32.6,34.2,36.2,38.7,40.8,42.4,44.6,46.9,49.1,51.1,52.5,54.5,56.6,57,58.2,58.3,57.3,55.9,55.3,54.4,54.7,55.1,60.1,59.3,60.3,61.2,60.5,60.6,60.6,60.1,58.5,58.1,57,56.1,53.8,52,50.8,49.1
Honduras,,,,,,,,,,,,,,,,0.526,0.514,0.517,0.568,0.735,0.766,0.808,0.821,0.855,1.01,1.05,1.11,1.17,1.39,1.6,1.74,1.82,1.96,2.13,2.32,2.77,3.18,3.8,3.95,4.31,4.49,4.53,4.59,4.64,5.25,6.53,9.23,10.4,10.2,8.65,7.97,7.12,6.94,6.91,5.78,5.35,4.68,5.1,5.43,4.92,5.25,4.53,3.97
Croatia,,,,,,,,,,,2.94,2.98,2.98,2.98,2.98,4.78,5.33,5.78,6.52,7.12,7.73,8.42,9.37,10.5,11.3,12.1,12.8,13.6,14.5,15.5,16.9,18.4,19.9,21.4,25,26.8,29.2,31.6,33.4,35.5,37.8,39.5,40.7,41.9,42.5,42.5,41.4,41.9,42.7,42.4,42.7,42.5,40.3,38.7,36.6,34.7,34,33.4,32.6,32.3,31.7,31.3,30.6
Haiti,,,,,,,,,,,,,,,,,,,,,,0.347,0.408,0.433,0.458,0.496,0.533,0.569,0.602,0.622,0.65,0.637,0.625,0.613,0.668,0.787,0.772,0.758,0.806,0.853,0.867,0.94,1.5,1.59,1.56,1.59,1.62,1.15,1.13,1.1,0.508,0.502,0.495,0.4,0.394,0.0539,0.0531,0.0545,0.0538,0.0533,0.0531,0.0524,
Hungary,2.44,2.43,2.43,2.43,2.43,3,2.99,2.99,2.99,2.99,3.87,3.85,3.85,3.85,3.85,4.83,4.89,4.92,5,5.25,5.77,5.96,6.15,6.37,6.67,7.01,7.33,7.76,8.22,8.81,9.6,10.9,12.5,14.5,17.2,20.9,25.7,30.1,33.4,36.4,37.2,36.8,36.2,35.6,35.3,33.9,33.4,32.4,30.9,30.7,29.8,29.5,29.8,30.1,30.5,31.4,31.8,32,31.5,31.2,30.5,30.4,28.5
Indonesia,0.0938,0.0944,0.0944,0.0944,0.0944,0.12,0.121,0.121,0.121,0.121,0.124,0.125,0.125,0.125,0.125,0.158,0.163,0.175,0.195,0.219,0.254,0.282,0.306,0.317,0.33,0.363,0.4,0.44,0.472,0.483,0.585,0.699,0.876,0.972,1.26,1.66,2.08,2.43,2.68,2.88,3.11,3.32,3.52,3.61,4.59,5.9,6.39,8.32,12.8,14.4,16.8,15.6,15.2,12.1,10.2,4.01,4.11,4.18,3.11,3.58,3.55,3.29,3.06
India,0.0745,0.0738,0.0738,0.0738,0.0738,0.125,0.125,0.125,0.125,0.125,0.176,0.177,0.177,0.177,0.177,0.235,0.253,0.265,0.28,0.296,0.308,0.322,0.338,0.358,0.38,0.406,0.437,0.466,0.501,0.539,0.583,0.654,0.749,0.866,1.04,1.24,1.48,1.78,2.11,2.55,3.06,3.57,3.77,3.76,4.07,4.35,3.48,3.3,3.14,3.03,2.83,2.61,2.43,2.25,2.07,1.93,1.82,1.72,1.6,1.52,1.44,1.69,1.94
Ireland,3.94,3.96,3.96,3.96,3.96,5.78,5.84,5.84,5.84,5.84,7.97,8.05,8.05,8.05,8.05,10.4,11.1,11.9,12.5,13,14.2,15.7,16.8,17.7,19.2,20.1,21.4,22.7,24.1,26.3,28.2,29.9,31.5,33,34.8,36.6,38.5,42.8,44.4,46.7,48.6,48.6,50.7,49.4,50,49.8,51.4,51.8,49.9,47.4,45.9,45,44,44.3,43.8,41.4,40.7,39.2,37.8,36.1,33.9,32,29.8
Iran,0.544,0.531,0.531,0.531,0.531,0.811,0.801,0.801,0.801,0.801,1,1,1,1,1,2.08,2.41,2.38,2.36,2.29,2.38,2.53,2.48,2.55,2.63,2.79,3.03,3.29,3.61,3.78,3.94,4.24,5.05,6.02,7.2,8.37,9.46,10.4,11.6,13,14.5,16.3,19.1,22.6,23.7,29,31.7,33,33.8,34.7,34.2,36.4,37.2,37.8,36.7,37.2,37.1,36.8,35.6,33.4,33.3,33.3,33.1
Iraq,,,,,,,,,,,0.938,0.928,0.928,0.928,0.928,,,,,,1.83,1.95,2.07,2.18,2.54,2.98,3.47,4.06,3.99,3.87,4.03,3.75,3.89,3.53,3.21,3.05,2.96,2.91,2.82,2.83,2.74,2.65,4.3,4.37,3.71,3.89,4.32,4.76,3.7,5.45,5.5,5.54,5.52,5.35,5.3,5.29,5.25,8.17,6.66,6.88,6.34,5.84,5.38
Iceland,18.8,18.8,18.8,18.8,18.8,23.6,23.6,23.6,23.6,23.6,28.2,28.2,28.2,28.2,28.2,34.6,33.6,33.7,34.7,35.7,37.2,38.1,39,39.6,40.6,42.5,46.4,47.7,48.7,49.5,51.2,52.5,53.6,54.4,55.7,55.5,58.3,60.9,63.3,66.6,69.8,68.9,65.3,66.4,65.2,65.3,62,59.9,62.8,59.7,60.8,59.9,56.1,51.9,52.4,50.8,49,42.5,35.4,32.2,29.2,27.1,25
Israel,3.41,3.15,3.15,3.15,3.15,7.28,6.91,6.91,6.91,6.91,12.7,13.1,13.1,13.1,13.1,17.6,18.5,19.4,20.3,21.4,23,24.2,25.1,26.1,26.6,28.2,29.9,31.6,32.5,32.9,33.9,34.5,35.5,37.6,40,42.8,45.2,46.6,47.8,48,48.6,48.6,47.3,45,43.9,43.7,44,44.2,45.6,46.1,46.5,46.9,47.3,44,43.6,42.6,40.9,39,37.8,36.5,38.5,39.3,39.5
Italy,6.17,6.15,6.15,6.15,6.15,8.82,8.79,8.79,8.79,8.79,12.1,12.1,12.1,12.1,12.1,17.5,18.4,19.4,20.5,21.7,23.1,24.5,26,27.6,29.2,30.7,32.2,33.7,35.5,37.5,39.4,40.6,41.7,42.5,43.1,43.7,44.4,45.1,45.6,46.5,47.7,48,47.5,46.3,44.9,43,46,38.1,37.2,38,37.7,36.8,36.1,35,34.1,33.6,33.7,34.5,34.1,32.7,33,33.8,33.8
Jamaica,1.21,1.22,1.22,1.22,1.22,1.51,1.5,1.5,1.5,1.5,1.88,1.87,1.87,1.87,1.87,2.48,2.51,2.6,2.57,2.51,2.46,2.59,2.75,2.88,2.95,3.35,3.51,3.5,3.62,3.75,4.4,5.45,6.87,8.48,10.1,11.6,14.1,16.3,18,18.8,18.9,19.5,16.5,17.3,15.9,11.9,12.7,13.7,11.7,11.1,9.62,9.83,9.17,9.03,9.14,9.05,11.1,10.6,12.9,14.1,15.5,16.7,15.8
Jordan,1.37,1.24,1.24,1.24,1.24,,1.24,1.24,1.24,1.24,1.16,1.05,1.05,1.05,1.05,,,2.05,2.15,2.45,2.73,3.11,3.58,3.98,4.32,5.37,5.42,6.74,7.06,7.2,7.06,7.23,7.2,7.12,7.4,7.11,7.5,8.54,10.5,11.4,12.3,12.8,12.8,11.5,11.5,11.1,10.1,8.64,7.82,7.39,7,6.55,6.02,4.92,4.34,3.89,4.06,3.5,3.53,3.32,3.58,3.83,4.13
Japan,3.85,3.88,3.88,3.88,3.88,7.44,7.52,7.52,7.52,7.52,15.6,15.6,15.6,15.6,15.6,28.8,30.3,31.2,32.1,33.1,34,34,34.8,35.8,36.5,37.4,38.4,39.6,41,42.6,44.1,45.3,46.3,47.1,48.5,49.7,50.9,52.2,49.4,49,48.9,48.3,47.7,47.2,46.7,45.4,43.8,40,37.8,52.1,51.2,50.5,50.2,50.1,49.9,50.1,50.5,50.5,50.2,49.9,49.5,49.4,49
Kazakhstan,,,,,,,,,,,,,,,,3.57,3.94,4.13,4.29,4.44,4.66,4.84,5.14,5.45,5.67,5.9,6.11,6.37,6.81,7.34,7.91,8.39,8.74,11.6,11.9,11.9,11.9,11.4,11.5,11.5,12,12.7,13.6,14.5,16.4,17.3,18.5,20.2,21.4,23.5,24.4,25.3,25.5,25.3,24.7,23.3,21.7,20.1,17.3,16.4,16.3,15.5,14.9
Kenya,,,,,,0.297,0.294,0.294,0.294,0.294,0.34,0.345,0.345,0.345,0.345,0.388,0.404,0.428,0.433,0.446,0.457,0.478,0.506,0.53,0.566,0.608,0.642,0.658,0.703,0.728,0.756,0.836,0.841,0.846,0.874,0.954,0.966,0.958,0.989,0.968,0.946,0.973,0.981,0.972,0.86,0.8,0.794,1.22,1.65,1.65,0.917,0.665,0.575,0.456,0.393,0.182,0.152,0.143,0.131,0.138,0.128,0.115,0.117
Kyrgyz Republic,,,,,,,,,,,,,,,,2.3,2.63,2.87,3.24,3.59,3.96,4.22,4.46,4.62,4.93,5.26,5.72,6.18,6.34,6.64,7.15,7.45,7.52,8.15,7.48,7.77,7.33,7.41,7.66,7.6,7.62,7.79,7.85,7.8,8.11,8.48,8.75,9.1,9.25,9.2,8.92,9.04,8.68,8.06,7.62,6.9,6.35,5.92,5.32,4.73,4.65,4.58,
Cambodia,0.032,0.031,0.031,0.031,0.031,,0.031,0.031,0.031,0.031,,0.031,0.031,0.031,0.031,,,,,,,,,,,,,0.0315,0.0323,0.0338,0.035,0.042,0.0419,0.0411,0.0653,0.0781,0.138,0.175,0.208,0.233,0.255,0.271,0.282,0.245,0.247,0.249,0.19,0.274,0.309,0.383,2.5,3.64,3.95,2.81,2.37,1.66,1.45,0.84,0.55,0.348,0.339,0.243,0.228
Kiribati,,,,,,,,,,,,,,,,,,,,0.811,,,0.743,0.8,0.918,1,1.17,1.3,1.4,1.5,1.6,1.66,1.76,2.22,2.4,2.49,2.55,2.95,3.27,3.53,3.77,4.01,4.84,4.67,4.47,4.28,4,3.92,3.85,7.83,7.78,7.7,7.17,5.3,1.74,1.27,0.735,0.636,0,0,0.0261,0,0
St. Kitts and Nevis,,,,,,,,,,,,,,,,,,,,,,,,5.16,5.55,7,10.3,12.7,17.1,19.8,23.9,25.1,28.2,29.5,32.4,33.9,36.3,39.4,41.5,44.7,48.2,48.9,50.8,50.6,43.7,43.4,44.1,43.5,43.3,43.4,41.8,41.6,41.9,40.2,40.6,41.3,36.5,36.2,32.7,33.8,33.7,33,
South Korea,,,,,,0.756,0.764,0.764,0.764,0.764,1.48,1.49,1.49,1.49,1.49,2.94,3.49,4.16,5.03,6.08,7.09,8.43,10.4,12,13.8,15.8,18,20.3,24,27.1,30.1,32.8,34.9,37.1,39.1,41,42.9,44.4,43.4,55.1,55.3,54.8,54.4,52.9,49.4,49.9,46.7,47.7,50.3,55.4,58.5,59.9,60.6,60.5,58.3,56.6,54.6,52.1,50.1,47.7,46,44.8,44
Kosovo,,,,,,,,,,,,,,,,,,,,,,,,,,,,,,,,,,,,,,,,,,,,,,6.11,6.11,6.11,6.11,6.11,6.11,,,,,,,,,,,,
Kuwait,1.09,1.23,1.23,1.23,1.23,2.53,2.75,2.75,2.75,2.75,4.73,5.1,5.1,5.1,5.1,8.12,8.81,9.14,9.48,9.84,10.5,10.8,11.6,11.7,11.6,11.7,12,12.4,13.2,14.1,19.8,24,21.3,21.6,22.7,23.1,23,23.4,23.5,24.3,24.1,23.7,23.5,23.2,23.1,22.6,21.9,21.5,19.6,18.9,17.6,16.4,15,13.9,13.1,12.3,13.2,13.1,11.9,13.1,13.4,,13.4
Lao,0.0347,0.0347,0.0347,0.0347,0.0347,0.042,0.042,0.042,0.042,0.042,0.0411,0.0409,0.0409,0.0409,0.0409,0.179,0.186,0.182,0.173,0.17,0.167,0.163,0.156,0.158,0.159,0.159,0.159,0.157,0.159,0.149,0.16,0.164,0.187,0.184,0.377,0.337,0.386,0.477,0.543,0.657,0.753,0.953,1.1,1.23,1.3,1.55,1.55,1.57,2.08,1.61,1.63,1.68,6.91,10.6,13.8,14.2,18.4,16.1,20.9,20.2,18.6,17.5,
Lebanon,,,,,,,,,,,,,,,,,,,,,,,10.4,10.6,10.7,10.7,10.7,10.7,10.8,10.9,11,11,11.1,11.2,11.2,11.3,11.4,13.7,13.5,13.4,13.3,14.3,15.3,15.5,13.8,13.7,14.4,14.5,15.3,16.2,16.8,16.9,16.7,15.3,15.4,15.8,29,14.9,15,15.3,15.5,15.7,
Liberia,,,,,,,,,,,,,,,,,,,,,,0.352,0.342,0.332,0.335,0.368,0.349,0.339,0.352,0.349,0.424,0.17,0.219,0.211,0.212,0.21,0.204,0.267,0.246,0.237,0.231,0.228,0.225,,,,,0.0564,0.0529,0.0608,0.144,0.222,0.317,0.248,0.222,0.195,0.17,,,0.12,0.118,0.116,
Libya,0.591,0.582,0.582,0.582,0.582,,0.582,0.582,0.582,0.582,,0.582,0.582,0.582,0.582,,,,,,,2.87,3.05,3.25,3.49,3.77,4.08,4.42,4.96,5.23,5.19,5.37,5.31,5.28,5.69,6.72,7.88,8.16,10,10.9,11.7,12.5,13.3,13.5,14.1,14.6,15.2,15.9,14.8,16.7,18.9,16.2,13.9,13.2,15,17.2,21.9,24.7,,24,23.7,23.4,17.9
St. Lucia,,,,,,,,,,,2.04,2.02,2.02,2.02,2.02,3.23,3.26,3.38,3.58,3.85,3.95,4.04,3.92,3.89,5.1,5.7,6.09,6.51,7.87,8.91,11.9,11.9,13.9,16.3,16.6,20.1,21.9,23.8,25.7,28.1,30.7,31.1,31.6,30.1,25.6,23.6,23.6,23.7,24.3,22.7,21.9,20.9,21.3,19.3,18.8,19.9,20.1,19.8,20.5,8.85,8.34,7.89,
Liechtenstein,,,,,,,,,,,25.2,25,25,25,25,33.6,35.2,36.7,37.8,38.7,40.1,41.8,42.8,44.1,45.3,46.8,48.4,50.1,52.3,54.7,57.5,60,62.4,63,60.9,63.6,63.6,62.2,61.4,60.6,60.8,60.2,59.1,58.5,58.3,57.8,56.6,55.7,55.4,54.9,54.6,54.2,50.6,49.7,48.6,46.4,43.6,40.5,39.9,35.7,32.5,29.5,27.9
Sri Lanka,0.233,0.231,0.231,0.231,0.231,0.251,0.249,0.249,0.249,0.249,0.299,0.297,0.297,0.297,0.297,0.311,0.313,0.315,0.317,0.323,0.363,0.434,0.456,0.469,0.509,0.545,0.564,0.588,0.617,0.621,0.706,0.722,0.769,0.885,1,1.12,1.39,1.85,2.82,3.58,4.09,4.37,4.62,4.86,5.09,6.32,9.48,13.7,17,16.8,17.3,17.3,16.4,12.8,12.8,15.4,11.6,12.1,11.5,10.6,12,13.2,11.8
Lesotho,0.0542,0.0478,0.0478,0.0478,0.0478,0.14,0.13,0.13,0.13,0.13,0.127,0.126,0.126,0.126,0.126,0.158,0.155,0.156,0.195,0.225,0.245,0.309,0.327,0.34,0.344,0.455,0.538,0.606,0.661,0.692,0.687,0.671,0.612,0.775,0.822,0.92,0.817,1.03,1.06,1.08,1.11,1.07,1.43,1.76,1.88,2.43,2.69,2.4,2.06,1.99,1.91,1.89,2.47,2.43,2.37,1.92,1.92,0.49,0.379,0.582,0.513,0.419,0.292
Lithuania,1.4,1.46,1.46,1.46,1.46,2.35,2.42,2.42,2.42,2.42,4.46,4.57,4.57,4.57,4.57,7.61,8.35,9.07,9.75,10.4,11.2,11.8,12.5,13.2,14,14.8,16,16.9,18.1,19.5,20.6,21.5,21.9,22.7,23.8,25.1,26.7,28.5,30.4,31.7,33,32.3,26.6,23.8,24,23.7,23.8,24.4,24.3,23.5,24,23,22,20.7,19.6,19,18.1,16.8,14.8,12.9,11.4,10.4,9.08
Luxembourg,11.6,11.6,11.6,11.6,11.6,17.9,17.9,17.9,17.9,17.9,24.2,24.1,24.1,24.1,24.1,30.3,31.2,32.7,33.8,35,36.2,37,38,38.9,40.2,41.3,42.7,43.6,44.8,46.8,48.2,49.6,52.7,54.2,55.4,56.3,60,61.1,60.2,58.6,57.1,58.2,55.7,54.3,53.5,52.6,52.6,51.7,53.3,52.9,53.7,53.9,50.3,49.3,48.8,48.6,47.4,46.2,45,43.1,42.5,41.6,40.3
Latvia,,,,,,,,,,,,,,,,10,11.2,13.1,14.2,15.3,15.9,18.2,18.4,18.7,19.3,20,20.6,21.3,21.7,22.3,23.1,24,24.5,26.3,25.6,27.4,29.2,29.6,30.1,30.1,30.7,30.6,30.1,28.5,28.7,32.7,29.8,29.6,27.6,26.4,25.3,24.9,23.2,20.8,19.9,17.9,18.4,17.5,13.8,12.3,11.2,10.3,9.4
"Macao, China",1.3,1.37,1.37,1.37,1.37,,1.37,1.37,1.37,1.37,,1.37,1.37,1.37,1.37,,,,,,,,6.22,6.65,10,13.2,15.9,17.8,20.1,23.4,26.6,29.4,32.4,35.3,37.4,38.6,39.9,41.2,41.5,41.9,40.9,40.2,39.2,37.8,36.6,35.7,35.2,34.5,33.3,31.4,30.2,29.1,27.9,26.7,25.4,23.8,22.7,21.6,19,16.6,16.3,14.5,13.3
Morocco,0.638,0.638,0.638,0.638,0.638,0.59,0.59,0.59,0.59,0.59,0.569,0.569,0.569,0.569,0.569,0.618,0.676,0.73,0.782,0.789,0.835,0.866,0.912,0.937,0.979,1.07,1.1,1.14,1.2,1.37,1.62,1.97,2.54,3.16,3.79,4.18,4.41,4.69,4.96,5.17,4.95,4.09,3.83,4.09,4.35,4.4,4.11,7.68,9.48,11,11.6,10.9,9.86,8.68,7.28,6.41,5.89,5.75,6.1,5.63,6.39,6.72,
Monaco,16.8,16.3,16.3,16.3,16.3,26.1,25.8,25.8,25.8,25.8,30.9,31.9,31.9,31.9,31.9,39.2,46.3,48.8,50.5,51.8,53.9,56.1,59.1,63.2,66.5,72.2,72,72.9,74.2,76.5,80.5,85.1,94.6,96.1,97.4,98.6,99.9,97.6,93.8,92,92.3,91.4,104,104,105,106,107,109,110,133,129,131,132,132,140,134,126,127,117,119,118,124,122
Moldova,0.654,0.682,0.682,0.682,0.682,0.805,0.839,0.839,0.839,0.839,1.4,1.44,1.44,1.44,1.44,3.48,3.97,4.42,4.77,5.13,5.51,5.8,6.12,6.39,6.72,7.2,7.65,8.24,8.92,9.57,10.3,11,11.4,11.7,12.2,12.7,13.4,14.3,15.1,12.9,13.7,15.2,17.3,19.3,21.3,23.2,25.8,27.9,29.2,30.4,31.6,32.8,34.4,35.8,36.5,36.7,36.3,36,35.3,34.5,33.3,32.7,29.1
Madagascar,,,,,,0.164,0.165,0.165,0.165,0.165,0.188,0.19,0.19,0.19,0.19,,0.19,0.184,,0.213,0.213,0.21,0.205,0.202,0.211,0.216,0.222,0.23,0.228,0.241,0.265,0.296,0.29,0.267,0.251,0.267,0.275,0.292,0.309,0.319,0.339,0.349,0.346,0.336,0.322,0.492,0.671,0.672,0.804,0.882,0.654,0.619,0.624,0.618,0.613,0.598,0.583,0.263,0.257,0.268,0.176,0.0909,0.087
Maldives,,,,,,,,,,,0.211,0.225,0.225,0.225,0.225,,0.319,0.356,0.545,0.499,,0.908,0.974,1.06,1.14,1.19,1.42,1.66,1.99,2.34,2.77,3.29,3.56,4.06,4.7,5.37,5.79,6.68,7.3,7.97,8.65,9.48,9.8,10.1,10.4,10.5,10.2,10.2,13.9,8.74,7.85,6.43,5.97,5.63,5.41,5.03,4.65,4.31,3.83,3.3,2.82,2.69,2.55
Mexico,0.933,0.896,0.896,0.896,0.896,1.16,1.12,1.12,1.12,1.12,1.71,1.67,1.67,1.67,1.67,2.8,3.06,3.34,3.61,3.88,3.99,4.25,4.41,4.6,4.76,4.95,5.12,5.32,5.56,6.04,6.55,7.23,7.95,8.8,9.62,9.78,9.64,9.93,10.5,11.3,12.6,13.9,14.8,15.9,17.4,18.5,18.6,18.5,18.7,17.6,17.7,17.5,17.8,15.9,15.6,16.8,17.1,16.9,17.5,18.1,19.4,20.2,21.3
Marshall Islands,,,,,,,,,,,,,,,,,,,,,,,,0.973,,,,,,,1.09,1.49,1.77,4.7,5.97,6.28,6.55,6.51,7.04,7.21,7.37,7.69,8.04,8.19,10.1,,,,,,,,,,4.68,,,,,,,,
North Macedonia,,,,,,,,,,,,,,,,,,,,,,,,10.6,11.1,11.5,11.9,12.4,12.8,13.2,14,14.2,15.5,16.2,17,17.7,18.4,20.3,21.8,23.3,24.9,26.2,27.1,25.3,25.9,25.7,23.6,22.3,21.9,20.9,19.7,20.1,19.4,18.9,18.2,17.6,17.5,17.4,18.1,18.9,19.7,20.2,20.8
Mali,0.0308,0.0313,0.0313,0.0313,0.0313,0.0454,0.0467,0.0467,0.0467,0.0467,0.0464,0.048,0.048,0.048,0.048,0.0533,0.0554,0.0572,0.0564,0.058,0.0667,0.0715,0.0757,0.0825,0.0881,0.0885,0.0881,0.101,0.102,0.11,0.125,0.137,0.138,0.145,0.157,0.173,0.21,0.234,0.255,0.309,0.349,0.441,0.474,0.494,0.516,0.576,0.606,0.568,0.557,0.564,0.738,0.653,0.678,0.743,0.88,0.933,1.07,1.11,1.14,1.18,1.33,1.37,1.36
Malta,2.75,2.96,2.96,2.96,2.96,4.41,4.47,4.47,4.47,4.47,7.07,6.96,6.96,6.96,6.96,8.93,10.5,11.9,13,14.1,15.3,17.1,19.3,22.5,23.1,24.3,27.7,31.1,32.6,33.7,35.1,37.6,40.5,42,43,44.7,46.9,48.1,48.8,49.9,51.1,51.7,51.2,51.2,50.5,49.3,50.7,55.9,58.3,59.4,59.1,54.8,53.4,52.9,51.6,50.4,50.1,50.1,52,50.8,50,49,48.6
Myanmar,0.0528,0.0528,0.0528,0.0528,0.0528,0.0725,0.0726,0.0726,0.0726,0.0726,0.0759,0.0759,0.0759,0.0759,0.0759,0.0837,0.0837,0.084,0.0845,0.0859,,,0.112,0.119,0.119,0.129,0.158,0.172,0.172,0.17,0.175,0.211,0.24,0.281,0.324,0.368,0.411,0.486,0.515,0.553,0.596,0.642,0.736,0.774,0.898,1.06,1.19,0.958,1.04,0.906,0.999,1.05,1.04,1.06,1.03,1,0.991,1.06,0.989,0.985,0.981,0.971,0.988
Montenegro,,,,,,,,,,,,,,,,,,,,,,,,,,,,,,,,,,,,,,,,,,,,,,27,26.6,27.9,27.6,27.2,27,27,26.8,26.7,26,24.4,23.4,24.1,27.4,29.9,30.5,30.2,30.4
Mongolia,,,,,,,,,,,,,,,,,,,,,,,2.41,2.46,2.51,2.55,2.59,2.62,2.65,2.69,3.07,3.11,3.1,2.92,3,3.34,3.55,3.67,4.3,4.26,4.79,5.03,5.13,5.49,5.75,6.1,7.56,7.04,7.61,7.08,7.15,6.84,6.33,6.18,7.87,8.62,7.44,9.45,11.7,10.9,9.99,11.9,14
Northern Mariana Islands,,,,,,,,,,,,,,,,,,,,,,,,,,,,,,,,,27,28.2,30.1,31.7,35.3,33.9,30.1,26.9,26.1,26.9,28.4,30,31.7,33.8,36,38.4,41.1,44,47.1,,43.9,44.1,43.2,42.7,,,,40.1,40.3,40.4,
Mozambique,0.139,0.131,0.131,0.131,0.131,0.226,0.211,0.211,0.211,0.211,0.285,0.266,0.266,0.266,0.266,0.321,0.296,0.272,0.273,0.275,0.289,0.304,0.306,0.303,0.302,0.302,0.309,0.31,0.315,0.315,0.357,0.39,0.406,0.39,0.386,0.384,0.38,0.397,0.445,0.45,0.482,0.479,0.467,0.404,0.382,0.327,0.339,0.367,0.359,0.367,0.382,0.371,0.36,0.307,0.334,0.333,0.298,0.282,0.214,0.267,0.286,0.186,0.0882
Mauritania,,,,,,,,,,,0.0535,0.0523,0.0523,0.0523,0.0523,0.102,0.114,0.16,0.181,0.204,0.216,0.216,0.22,0.226,0.223,0.226,0.229,0.233,0.237,0.232,0.293,0.309,0.314,0.335,0.364,0.389,0.42,0.525,0.589,0.631,0.704,0.9,1.12,1.32,1.32,1.36,1.13,1.28,2.36,2.24,2.09,2.05,1.79,1.44,1.34,1.3,1.31,1.37,1.4,1.41,1.38,1.26,1
Mauritius,0.894,0.916,0.916,0.916,0.916,1.21,1.22,1.22,1.22,1.22,1.35,1.36,1.36,1.36,1.36,1.74,1.72,1.84,2.15,2.39,2.47,2.57,2.97,3.16,3.49,3.86,4.03,4.5,4.69,4.88,5.1,5.8,7.1,9.44,11.3,12.8,15.7,18.8,20.5,21.3,23.1,25,25.8,28,28.3,28.4,28.3,28.4,28.5,29.3,30.2,29.1,27.1,28.1,28.8,29.4,30.1,31.9,33.5,35.4,36.9,36.1,35.6
Malawi,0.0967,0.0956,0.0956,0.0956,0.0956,0.0954,0.0943,0.0943,0.0943,0.0943,0.13,0.128,0.128,0.128,0.128,0.165,0.175,0.191,0.203,0.218,0.232,0.237,0.242,0.242,0.248,0.26,0.268,0.271,0.27,0.283,0.279,0.291,0.305,0.319,0.327,0.34,0.344,0.35,0.348,0.379,0.414,0.475,0.62,0.703,0.749,0.805,0.991,1.3,0.802,0.779,1.03,1.15,1.46,0.209,0.115,0.0854,0.0645,0.097,0.0816,0.0694,0.0643,0.0624,0.0463
Malaysia,0.613,0.589,0.589,0.589,0.589,0.869,0.829,0.829,0.829,0.829,1.01,0.963,0.963,0.963,0.963,1.45,1.63,1.86,2.16,2.53,2.99,3.6,4.21,4.9,5.78,6.34,6.7,7.06,7.55,8.16,9.05,10.1,11.3,12.7,14.6,16.5,18.2,19.9,20.1,19.8,20.2,20,19.3,18.5,17.6,16.8,16.4,16.1,16.3,16,16.1,15.5,15.5,15.1,14.4,14.5,15.3,20.6,22.9,22.6,22.5,24.6,24.9
Namibia,1.86,1.73,1.73,1.73,1.73,2.28,2.09,2.09,2.09,2.09,2.52,2.32,2.32,2.32,2.32,2.74,2.77,2.81,2.87,2.92,2.97,3.34,3.78,4.16,4.14,4.12,4.08,4.03,4.04,3.93,3.87,4.02,4.17,4.42,4.48,4.89,5.18,5.9,6.1,6.08,6.06,6.32,6.43,6.65,6.6,7.08,6.85,6.87,7.13,7.19,7.48,7.46,7.9,8.33,8.14,8,8.09,8.16,5.89,5.72,5.64,3.63,3.34
New Caledonia,2.95,3.07,3.07,3.07,3.07,3.27,3.4,3.4,3.4,3.4,4.23,4.46,4.46,4.46,4.46,6.52,6.61,7.46,7.85,8.28,8.91,9.46,10.2,10.9,11.5,11.7,12.5,13.2,14.1,15.4,16,17.3,18.9,20.3,21.3,21.9,22.3,22.8,23.2,23.3,23,22.4,22.6,22.1,22.3,22.8,23.5,24.1,24.9,26.2,27.6,28.6,29.5,30.8,31.5,27.5,,,,16.1,16.1,16,
Niger,0.0217,0.0224,0.0224,0.0224,0.0224,,0.0224,0.0224,0.0224,0.0224,0.0471,0.0488,0.0488,0.0488,0.0488,0.0637,0.0692,0.0868,0.0895,0.0935,0.0951,0.0999,0.107,0.11,0.113,0.113,0.112,0.111,0.111,0.112,0.111,0.114,0.115,0.114,0.131,0.14,0.151,0.156,0.167,0.168,0.172,0.18,0.18,0.178,0.18,0.173,0.208,0.28,0.419,0.476,0.501,0.494,0.56,0.539,0.544,0.546,0.769,0.526,,0.247,0.238,0.23,
Nigeria,0.0457,0.0455,0.0455,0.0455,0.0455,,0.0455,0.0455,0.0455,0.0455,,0.0455,0.0455,0.0455,0.0455,,,,,,,0.217,0.196,0.23,0.237,0.244,0.251,0.258,0.261,0.27,0.304,0.301,0.32,0.333,0.35,0.374,0.372,0.355,0.376,0.395,0.45,0.476,0.542,0.667,0.751,0.871,1.17,1.07,0.858,0.946,0.653,0.435,0.246,0.206,0.102,0.102,0.0819,0.072,0.0708,0.0527,0.0514,0.0498,0.0444
Nicaragua,,,,,,,,,,,0.695,0.706,0.706,0.706,0.706,0.768,0.862,0.935,0.97,0.912,0.933,0.971,1.03,1.1,1.14,1.15,1.15,1.17,1.13,1.12,1.1,1.12,1.23,1.48,1.84,2.05,2.31,2.51,2.84,2.98,3.21,3.04,3.26,3.85,3.98,4.05,4.48,4.44,4.47,4.41,4.41,4.84,4.96,5.31,5.47,5.62,5.74,5.8,4.96,3.43,3.32,3.03,3.1
Netherlands,9.08,9.12,9.12,9.12,9.12,12.3,12.3,12.3,12.3,12.3,16.9,16.9,16.9,16.9,16.9,24.4,26.3,28.4,30.7,32.8,34.6,35.9,37,38,39.1,40.1,41.3,42.5,43.8,45,46.4,47.7,48.8,50.1,51.2,52.6,54.3,56.7,59.4,60.8,62.2,51,50,48.6,48.5,46.7,45.6,45.2,44.5,43.9,43.5,42.7,42.8,42.2,41,40.8,39.6,38.1,34.1,32,28.3,28.7,26
Curaçao,,,,,,,,,,,,,,,,,,,,,,,,,,,,,,,,,,,,,,,,,,,,,,,,,,52.9,49.5,42.1,39,38.4,36.4,36.9,34.7,36,31.8,27.7,28.3,27.9,
Norway,12.7,12.7,12.7,12.7,12.7,15.6,15.6,15.6,15.6,15.6,19.2,19.2,19.2,19.2,19.2,22.8,23.7,24.8,26,27.4,29.3,31.7,34.6,37.6,40,42.3,44.7,46.5,47.9,49,50.3,51.6,52.9,54.1,55.2,56.1,56.7,63,55.8,54.8,53.5,51.8,51.1,49,47.5,45.6,44.1,42.2,39.8,36.7,33.7,30.7,27.8,24.3,21,18.2,15.4,13,10.6,8.31,6.48,4.34,2.58
Nepal,,,,,,,,,,,,,,,,0.051,0.0541,0.0591,0.0611,0.0669,0.0731,0.0801,0.0874,0.0985,0.108,0.118,0.145,0.166,0.203,0.237,0.292,0.322,0.333,0.342,0.347,0.375,0.494,0.602,0.879,1.05,1.09,1.19,1.29,1.45,1.61,1.84,2.31,2.62,2.99,3.01,3.1,3.1,3.04,3.03,3.05,3.07,3.08,3.06,2.8,2.64,2.47,2.42,
Nauru,,,,,,,,,,,,,,,,16.7,20.5,20.2,21.2,21.1,,15.6,15.6,15.3,14.8,14.4,14.1,13.7,13.1,12.9,12.5,12.1,11.8,13.7,14.6,15,15.5,15.9,16.4,16.9,17.3,17.9,17.4,17.4,17.4,17.4,17.5,17.5,17.6,18.6,0,0,0,0,0,,,,,,,,
New Zealand,22.6,22.6,22.6,22.6,22.6,27.1,27.2,27.2,27.2,27.2,29.8,29.8,29.8,29.8,29.8,31.9,33.7,34.1,34.7,35.1,36.1,37.1,37.6,38.1,38.8,39.6,40.5,41.5,42.4,43.3,43.2,42.9,43.4,44.6,45.8,46.8,46.3,47,47.5,47.8,47.5,46.9,44.7,44.7,44.1,41.8,42.1,41.4,41.1,43.5,43.3,42.9,42.6,41.6,41,40.3,37.7,37.7,22.2,19.5,16.7,17.7,14.6
Oman,,,,,,0.032,0.032,0.032,0.032,0.032,0.077,0.077,0.077,0.077,0.077,0.42,0.717,0.992,1.08,1.02,1.5,1.42,1.52,1.57,1.63,2.76,3.17,3.51,4.85,5.25,5.78,6.15,6.56,7.13,7.35,7.71,8.84,8.91,9.77,9.77,9.78,10,9.75,9.9,9.93,10.6,10.5,11.1,10.9,10.4,9.34,8.84,8.71,9.33,9.32,10.2,9.43,10.9,12.2,12.8,13.3,12.6,
Pakistan,0.145,0.148,0.148,0.148,0.148,0.185,0.189,0.189,0.189,0.189,0.236,0.241,0.241,0.241,0.241,0.305,0.323,0.334,0.348,0.369,0.376,0.388,0.385,0.422,0.469,0.469,0.516,0.56,0.59,0.709,0.731,0.936,1.02,1.22,1.42,1.6,1.73,1.81,1.83,1.92,1.98,2.04,2.24,2.43,2.64,3,2.94,2.64,2.38,3.23,3.13,2.88,2.9,3.1,2.35,1.68,1.45,1.36,1.34,1.24,1.27,1.22,1.19
Panama,,,,,,,,,,,,,,,,,,,5.93,6.3,6.47,6.83,7.11,7.15,7.32,7.65,7.86,8.39,8.41,8.38,8.82,9.17,9.5,10,10.8,11.2,11.7,12.9,14.5,15.7,14.3,12.5,12.4,12,13.1,14.2,14.5,14.4,15,15.1,14.9,15.2,15.2,15.1,15.1,15.7,16.2,16.2,17.5,15.3,18.8,20.1,18.4
Peru,,,,,,0.704,0.709,0.709,0.709,0.709,1.03,1.04,1.04,1.04,1.04,1.55,1.6,1.65,1.68,1.68,1.73,1.79,1.8,1.92,1.99,2.09,2.2,2.2,2.31,2.45,2.55,2.39,2.66,2.86,3.22,4.54,5.76,6.49,6.02,6.43,6.44,5.82,6.06,6.66,7.86,8.54,9.02,9.95,10.7,12.2,10.8,11,11.5,10.7,9.99,9.48,9.88,9.75,8.97,7.51,6.63,6.33,5.28
Philippines,,,,,,0.253,0.269,0.269,0.269,0.269,0.473,0.494,0.494,0.494,0.494,0.67,0.699,0.815,0.808,0.825,0.867,0.891,0.944,0.939,0.944,0.931,0.954,0.951,0.971,0.983,0.991,1.03,1.02,1.3,1.64,2.04,2.52,2.86,3.34,3.79,3.93,4.16,4.07,4.03,4.06,3.9,4.13,4.4,4.47,4.41,3.52,3.69,3.56,3.16,3.05,3.13,3.61,3.9,3.81,3.86,4.22,4.1,4.23
Palau,,,,,,,,,,,,,,,,,,,,,,,,,,,,,,,,,,,,,,,,,,,34.9,37.1,38.9,40.2,37.3,38.6,38.7,37.9,37.6,37.9,40.8,40.8,40,40.5,,,,44.7,44.5,44.4,44.3
Papua New Guinea,,,,,,0.192,0.172,0.172,0.172,0.172,0.422,0.377,0.377,0.377,0.377,0.626,0.623,0.631,0.695,0.75,0.819,0.806,0.78,0.834,0.83,0.87,0.844,0.845,0.842,0.823,0.781,0.849,0.881,0.916,0.899,0.945,0.978,1.09,1.11,1.12,1.18,1.08,1.05,1.03,1.01,0.98,0.917,0.867,0.936,1.24,1.6,1.67,1.73,1.7,1.71,1.73,1.73,1.73,,1.74,1.7,1.67,
Poland,1.81,1.81,1.81,1.81,1.81,2.51,2.5,2.5,2.5,2.5,3.29,3.28,3.28,3.28,3.28,4.09,4.58,4.83,5.05,5.26,5.47,5.64,5.83,6.07,6.37,6.69,7.01,7.37,7.81,8.24,8.65,9.34,10.3,11.5,13,14.9,17,19.6,23,26.5,28.4,29.5,30.7,31.8,32.5,30.7,29.8,27.2,24.5,22,19.9,17.7,15.4,21.4,25.2,23.5,21.1,19.2,17.1,15.7,15,13.9,13.2
Puerto Rico,,,,,,,,,,,,,,,,8.17,9.14,10,10.9,11.9,12.9,13.9,14.4,15,16.2,17.4,18.6,20.1,21.9,23.1,27.7,28.9,30.3,30.1,30.7,32.3,33.6,33.4,33.3,34,33.9,33.6,33.3,31.7,29.1,27.3,27.4,26.8,25.3,24.2,24,22.4,19.3,18.3,23.1,23.2,23.7,23.3,21.2,20.9,21.8,22.3,22.7
North Korea,,,,,,,,,,,,,,,,,,,,,,,,2.66,2.63,2.59,2.55,2.51,2.48,2.44,2.4,2.37,2.33,2.3,2.26,2.23,2.21,2.19,2.17,2.15,2.14,3.66,3.88,4.12,4.18,4.15,4.13,4.84,4.82,4.8,4.78,4.76,4.74,4.72,4.7,4.67,4.65,4.62,,4.58,4.56,4.54,
Portugal,1.08,1.08,1.08,1.08,1.08,4.6,4.62,4.62,4.62,4.62,6.24,6.26,6.26,6.26,6.26,8.45,8.8,9.14,9.44,9.7,10.1,10.7,11.6,12.6,13.3,14,15.1,16.5,18.4,21.8,23.8,27,30.2,32.6,34.7,36.2,37.9,39.5,40.4,41.3,41.9,42.3,41.7,40.9,40.4,40.2,40.2,39.8,39.3,40.9,42.4,43,43.3,43.3,44.1,45.2,46.3,46.9,49.3,49.4,50.6,51.7,52.9
Paraguay,0.432,0.43,0.43,0.43,0.43,0.457,0.451,0.451,0.451,0.451,0.76,0.739,0.739,0.739,0.739,1.1,1.15,1.24,1.37,1.53,1.61,1.73,1.87,2.02,2.12,2.18,2.22,2.29,2.45,2.61,2.77,2.88,2.99,3.24,3.36,3.63,3.74,4.52,5.3,5.33,5.52,5.54,5.17,5.25,5.6,5.85,5.98,7.06,6.56,6.79,6.29,6.31,6.94,7.29,6.11,5.58,5.59,4.63,4.7,4.18,3.77,3.04,2.49
Palestine,,,,,,,,,,,,,,,,,,,,,,,,,,,,,,,,,3.19,3.14,3.13,3.05,3.04,3.86,5.57,7.12,8.44,7.71,7.16,7.07,7.74,9.42,8.79,9.29,9.2,9.3,8.89,9.22,9.29,9.3,9.1,8.98,9.32,10,9.66,9.38,9.14,9.3,
French Polynesia,0.975,1.06,1.06,1.06,1.06,1.93,2.03,2.03,2.03,2.03,3.39,3.62,3.62,3.62,3.62,4.86,5.54,6.04,6.5,6.94,7.64,7.82,9.01,10.1,11.2,12.7,13.9,14.8,15.7,16.5,18.1,19.1,19.8,20.1,20.7,21,21.8,21.9,21.9,21.2,21.4,20.9,20.5,20.3,19.9,19.7,19.5,19.4,19.4,19.2,19.4,19.3,21.8,21.5,21,20.8,20.6,29.3,30.3,31.4,31.1,44.1,45.3
Qatar,1.65,1.27,1.27,1.27,1.27,4.63,4.07,4.07,4.07,4.07,6.86,7.4,7.4,7.4,7.4,6.31,6.78,7.53,7.43,8.45,11,14,16.6,18.3,18.6,19,19.4,19.5,20.2,20.8,20.8,21.2,22.4,22.7,23.1,23.8,25.2,25.8,25.9,25.3,24.8,24.7,24.8,24.6,24.5,24.2,22.5,19.3,18.4,17.9,15.8,17.1,20.7,20.3,18.9,19,18,17,16.3,16.4,16.5,17.1,19.4
Romania,,,,,,1.6,1.58,1.58,1.58,1.58,2.21,2.14,2.14,2.14,2.14,4.05,4.59,5.23,5.95,6.73,7.31,7.64,7.84,8.03,8.46,8.71,9.22,9.58,9.93,10.3,10.4,10.7,11.3,11.5,12.4,13.2,14.2,15.2,16.2,17,17.8,18.9,19.5,20.2,20.6,20.8,20.1,21.3,23.1,23.1,22.1,23.1,23.1,23.5,22.8,21.5,20.8,19.7,18.7,17.3,15.6,13.5,11.3
Russia,,,,,,,,,,,,,,,,4.41,4.83,5.69,6.16,6.71,7.03,7.94,8.45,9,9.59,10.2,10.9,11.6,12.3,13.1,14,15.1,15.4,15.8,16.2,16.9,17.5,19.1,19.8,21.1,21.9,22.8,24.4,25,26.7,27.9,30.6,31.6,31.8,31.7,31.3,30.7,29.3,28,26.4,24.5,22.2,22,20.7,19,17.7,16.4,
Rwanda,0.0461,0.0465,0.0465,0.0465,0.0465,0.0179,0.0185,0.0185,0.0185,0.0185,0.0308,0.0319,0.0319,0.0319,0.0319,0.0509,0.0495,0.0523,0.0549,0.0552,0.0629,0.0614,0.0714,0.0796,0.081,0.0825,0.0838,0.0974,0.117,0.129,0.142,0.151,0.154,0.139,0.149,0.121,0.153,0.152,0.137,0.158,0.217,0.261,0.3,0.298,0.261,0.261,0.252,0.243,0.171,0.333,0.385,0.368,0.409,0.408,0.436,0.146,0.112,0.101,0.103,0.0888,0.0888,0.0883,0.075
Saudi Arabia,,,,,,,,,,,1.53,1.6,1.6,1.6,1.6,1.75,1.69,1.75,2.14,2.86,3.14,4.8,6.19,6.73,7.23,7.03,7.1,7.13,7.27,7.33,7.71,8.8,9.08,9.05,9.12,9.1,9.25,9.41,10.6,12.9,13.8,14.6,15.1,15.1,15.6,15.8,15.6,15.1,14.9,14.6,14.2,15.4,15.6,15.7,,11.4,12.7,13.6,15.4,15,16,18.3,18.6
Sudan,0.208,0.167,0.167,0.167,0.167,0.278,0.227,0.227,0.227,0.227,0.295,0.242,0.242,0.242,0.242,0.313,0.307,0.297,0.287,0.277,0.272,0.264,0.266,0.277,0.287,0.295,0.292,0.29,0.288,0.29,0.294,0.296,0.294,0.289,0.282,0.322,0.415,0.46,0.648,0.981,1.47,1.66,2.44,3.32,3.57,1.93,1.65,1.11,1.14,1.12,1.62,1.41,1.21,1.15,1.12,0.312,0.347,0.352,0.326,0.319,0.291,0.288,0.332
Senegal,0.29,0.296,0.296,0.296,0.296,0.265,0.272,0.272,0.272,0.272,0.253,0.259,0.259,0.259,0.259,0.286,0.288,0.287,0.287,0.311,0.316,0.323,0.323,0.322,0.332,0.34,0.37,0.397,0.407,0.494,0.588,0.625,0.729,0.779,0.856,0.95,1.08,1.28,1.51,1.75,2.12,2.39,2.21,2.19,2.29,2.43,2.51,2.33,2,2.29,2.73,2.69,2.57,2.53,2.23,2.09,1.94,1.92,1.94,1.3,1.39,1.55,1.72
Singapore,2.32,2.27,2.27,2.27,2.27,3.14,3.11,3.11,3.11,3.11,5.16,5.14,5.14,5.14,5.14,9.42,11.8,14.8,17.9,20.4,22.4,24,25.6,27,28.9,30,30.6,31.5,32.6,33.9,34.9,35.3,36.2,37.4,38.7,40.3,42.8,44.8,46,47.3,48,47.3,46.1,44.7,43.5,42.5,41.3,39.9,38.8,38.5,38.7,38.2,36.9,35.9,35.8,35.7,35,34.6,34.4,32.6,32,32,31.9
Solomon Islands,,,,,,,,,,,,,,,,,,,,,,,0.599,0.657,0.747,0.806,0.866,0.94,1.05,1.19,1.44,1.45,1.5,1.54,1.65,1.73,1.87,1.94,1.94,1.94,1.79,1.68,1.46,1.35,1.48,1.54,1.54,1.55,1.55,1.55,1.55,1.52,1.42,1.31,1.26,1.21,1.18,1.15,1.13,1.05,1.01,0.989,
Sierra Leone,,,,,,0.107,0.108,0.108,0.108,0.108,,0.108,0.108,0.108,0.108,,,,,,0.34,0.335,0.343,0.354,0.4,0.338,0.393,0.32,0.312,0.309,0.307,0.31,0.322,0.337,0.365,0.385,0.395,0.395,0.391,0.407,0.414,0.468,0.467,0.473,0.479,0.489,0.499,0.51,0.517,0.524,0.217,0.242,0.265,0.23,0.231,0.232,0.227,0.221,0.0554,0.00592,0.0023,0.00319,
El Salvador,,,,,,0.384,0.381,0.381,0.381,0.381,0.793,0.781,0.781,0.781,0.781,1.18,1.32,1.46,1.48,1.51,1.53,1.6,1.73,1.72,1.8,1.86,1.83,1.94,2.04,2.27,2.33,2.38,2.97,3.08,4.14,4.95,5.61,6.17,6.57,8.36,10.5,10.9,11.1,12.5,14.7,16.1,17.2,17.9,17.8,18,16.4,16.8,17.2,15.5,15.4,15.2,15.1,14.8,14.7,14.2,14.2,13.6,13.6
San Marino,,,,,,,,,,,,,,,,,,,,,,,,31.9,32.6,34.2,36.6,38.3,39.1,42.4,44.3,46,56.7,58.3,58.8,64.6,67.6,68.5,74.3,75.4,75.7,75,73.7,72.3,71.3,70.7,70.1,69.4,69.4,65.8,61.9,57.5,56.4,56.3,55.7,49.3,47.3,52.9,48.3,46.8,47,47.4,47.5
Somalia,0.0435,0.0453,0.0453,0.0453,0.0453,,0.0453,0.0453,0.0453,0.0453,,0.0453,0.0453,0.0453,0.0453,,,,,,,0.135,0.134,0.13,0.126,0.121,0.217,0.21,0.209,0.213,0.214,0.223,0.233,0.227,0.216,0.208,0.201,0.194,0.285,0.286,0.287,0.386,0.372,1.02,0.988,0.955,0.927,0.899,0.874,0.853,0.831,0.737,0.563,0.498,0.43,0.371,0.336,,0.485,0.569,0.55,0.533,0.517
Serbia,,,,,,,,,,,,,,,,,,,,,,,,,,,,,,,,,,,,,,,,,,,,,29.1,33.8,36.6,40.5,41.9,42.4,42.7,42,41.4,42.4,40.1,39.2,38.1,37.3,37,37,37.4,37,
South Sudan,,,,,,,,,,,,,,,,,,,,,,,,,,,,,,,,,,,,,,,,,,,,,,,,,,,0.0247,0.0215,0.0014,0,0,0,0,0,0,,,,
Sao Tome and Principe,0.517,0.547,0.547,0.547,0.547,,0.547,0.547,0.547,0.547,,0.547,0.547,0.547,0.547,0.581,0.568,0.664,0.648,,,0.805,1.21,1.51,1.69,1.76,1.84,1.9,1.96,1.87,1.83,1.8,1.88,1.86,1.88,1.88,1.92,3.12,3.07,3.19,3.21,3.72,4.25,4.53,4.47,4.4,4.58,4.51,4.39,4.32,4.28,4.28,4.23,3.6,3.44,3.2,2.8,2.68,2.51,2.23,1.28,1.17,1.1
Suriname,,,,,,,,,,,,,,,,2.68,2.83,3.2,3.48,3.8,4.05,4.3,4.39,5.57,6.75,7.14,7.62,7.81,7.97,8.3,8.88,9.74,10.4,11.2,11.9,12.5,12.8,14.1,14.6,15.1,15.7,15.9,15.9,15.8,16,15.7,15.6,15.5,15.5,15.5,15.6,15.2,15.5,15.1,14.9,16,15.3,15.2,14.8,15.5,17,19.6,17.5
Slovak Republic,1.92,1.92,1.92,1.92,1.92,3.65,3.63,3.63,3.63,3.63,5.82,5.8,5.8,5.8,5.8,8.09,8.46,8.83,9.19,9.39,9.45,9.57,9.7,9.91,10.2,10.5,10.9,11.4,12,12.8,13.5,14.4,15.5,16.8,18.8,20.9,23.3,25.9,28.7,30.8,31.6,28.9,26.1,24.1,23.3,22.3,21.7,24.4,23.9,22.6,20.4,19.5,18,17.9,17,16,15.2,14,13.3,12.4,11.9,10.6,9.58
Slovenia,,,,,,,,,,,,,,,,,,,,,,,,,,14.7,,,,,21.2,23.1,24.8,26.5,29,30.9,33.3,35.7,36.4,38.1,39.6,40.4,40.7,40.8,49.8,50.9,51.1,49.7,48.1,45.9,44.3,42.7,40.4,38.5,37.1,36.2,34.9,35.2,34.3,33.5,33.3,32.8,31.9
Sweden,27.9,27.9,27.9,27.9,27.9,37.7,37.8,37.8,37.8,37.8,44.9,44.7,44.7,44.7,44.7,51.2,52.8,54.4,55.5,56.4,58,58.8,59.5,60,61.3,62.5,63.9,65,66.1,67.2,68.4,69.3,68.6,68.1,68.4,68.7,68.7,71,72.4,68.9,68.3,66.9,65.5,64.5,63.2,62.3,60.9,60,57.8,55.3,50.5,47.3,43.6,40.7,38.8,36.1,31.2,26,21.3,17.1,14.3,12,
Eswatini,0.348,0.357,0.357,0.357,0.357,0.515,0.535,0.535,0.535,0.535,0.565,0.58,0.58,0.58,0.58,0.659,0.676,0.664,0.696,0.794,0.87,0.98,1.09,1.13,1.17,1.18,1.29,1.29,1.49,1.51,1.59,1.61,1.64,1.71,1.91,2.22,2.32,2.53,2.89,3.07,3.09,3.24,3.34,4.36,4.18,4.11,4.11,4.14,4.14,4.12,4.82,6.86,4.1,4.11,3.94,3.79,3.68,3.2,3.8,3.63,3.98,3.36,3.14
Seychelles,,,,,,0.482,0.496,0.496,0.496,0.496,0.809,0.84,0.84,0.84,0.84,2.43,2.75,3.58,3.86,4.41,5.36,5.31,6.08,6.75,8.3,8.69,9.84,9.87,10.4,10.8,12.2,13,13.9,14.9,16.4,17.5,20.8,23.3,24.1,24.9,25.8,26.1,25.8,25.4,25.1,24.9,23.7,25.7,24.9,28.6,23.9,29.7,22,22.5,21.6,21.5,20.7,19.3,19.7,19.3,17.9,17.6,17.8
Syria,0.843,0.85,0.85,0.85,0.85,1.06,1.06,1.06,1.06,1.06,1.26,1.26,1.26,1.26,1.26,1.71,1.77,1.88,2.03,2.22,2.69,3.31,3.52,3.72,4.09,4.17,4.17,4.13,4.1,4.06,4,3.93,3.9,4.19,4.93,6.7,8.15,8.69,9.53,10.1,10.3,10.9,12.2,13.7,14.7,15.6,16.7,16.7,16.9,17.7,18.2,18.9,18.8,20.6,18.1,18.4,18.3,14.4,14.2,14.1,13.8,13.2,
Turks and Caicos Islands,,,,,,,,,,,,,,,,6.82,7.65,7.41,7.59,7.23,8.42,,,9.76,9.08,9.42,,,,,,,24.6,23.6,22.9,24.6,25.6,26.8,14,15.7,18.1,19.5,17.6,17.1,16.3,15.4,14.7,14.1,13.5,12.9,12.4,,11.5,11.9,11.7,10.9,,,,9.29,9.03,8.87,
Chad,,,,,,0.045,0.0453,0.0453,0.0453,0.0453,0.0518,0.0522,0.0522,0.0522,0.0522,0.0588,0.0576,0.0566,,,,0.0125,0.0145,0.0239,0.0323,0.0423,0.0447,0.0457,0.0605,0.0642,0.0691,0.0682,0.0666,0.0709,0.0718,0.0774,0.0834,0.1,0.112,0.122,0.124,0.125,0.134,0.135,0.135,0.13,0.193,0.298,0.405,0.507,0.431,0.258,0.219,0.237,0.172,0.12,0.0914,0.0574,0.0579,0.0404,0.0321,0.0308,0.0296
Togo,0.0705,0.0736,0.0736,0.0736,0.0736,,0.0736,0.0736,0.0736,0.0736,0.137,0.142,0.142,0.142,0.142,,0.187,0.22,0.208,0.206,0.204,0.209,0.246,0.254,0.258,0.251,0.246,0.26,0.263,0.262,0.271,0.269,0.374,0.424,0.523,0.507,0.541,0.547,0.664,0.784,0.854,0.94,0.969,1.13,1.19,1.1,1.4,1.65,2.26,2.79,0.913,0.893,0.889,0.88,0.731,0.705,0.441,0.46,0.468,0.529,0.551,0.63,0.742
Thailand,0.14,0.136,0.136,0.136,0.136,0.175,0.17,0.17,0.17,0.17,0.265,0.258,0.258,0.258,0.258,0.535,0.566,0.609,0.676,0.742,0.8,0.818,0.911,0.952,1.05,1.24,1.55,1.72,1.88,2.13,2.4,2.77,3.14,3.83,4.69,5.86,6.91,7.91,8.16,8.35,8.87,9.5,10.2,10.2,10.4,10.7,10.7,10.5,11,10.6,10,9.69,9.22,8.7,8.13,7.55,6.67,14,8.52,7.59,7,6.47,6.09
Tajikistan,,,,,,,,,,,,,,,,2.01,2.23,2.43,2.62,2.8,2.97,3.36,3.51,3.64,3.75,3.86,3.96,4.04,4.24,4.37,4.43,4.63,4.72,4.64,4.62,4.44,4.09,3.69,3.59,3.43,3.48,3.54,3.63,3.67,4.02,4.04,,4.07,3.92,4.65,4.82,4.88,4.94,5.22,5.29,5.36,5.36,5.37,,5.38,5.26,5.15,
Turkmenistan,,,,,,,,,,,,,,,,2.38,2.7,3.01,3.3,3.58,3.84,4.09,4.32,4.54,4.74,4.93,5.09,5.25,5.5,5.8,5.91,6.21,6.34,6.58,7.37,7.58,7.86,8.11,7.99,7.97,7.98,8.36,7.96,7.9,8.05,8.15,8.55,9.12,9.37,9.54,9.87,10.2,10.5,10.8,11,11.2,11.3,11.4,12.3,12.4,12.5,12.6,
Timor-Leste,,,,,,,,,,,,,,,,,,,,,,,,,,,,,,,,,,,,,,,,,,,,0.213,0.222,0.241,0.252,0.239,0.253,0.273,0.267,0.274,0.264,0.258,0.3,0.226,0.208,0.192,0.175,0.162,0.155,0.142,0.137
Tonga,0.785,0.859,0.859,0.859,0.859,0.721,0.753,0.753,0.753,0.753,0.671,0.688,0.688,0.688,0.688,,0.527,0.522,0.53,0.953,,1.75,,2.89,2.65,2.68,2.78,2.87,3.47,4.05,4.44,5.13,5.53,5.94,6.48,6.61,7.76,7.25,8.39,8.92,9.45,10.5,10.8,11.5,12.4,13,17.4,19.7,23.9,28.9,28.9,27.9,27.9,28.9,11.3,12.5,10.4,13.9,14,6.32,6.65,10.2,
Trinidad and Tobago,,,,,,2.39,2.43,2.43,2.43,2.43,3.55,3.71,3.71,3.71,3.71,3.87,3.95,4.01,4.01,3.94,3.83,3.95,4.04,5.66,6.98,9.84,11.7,12.9,12.9,12.6,13,13.6,14,14.9,15.7,16,16.7,18.5,20,21,23.8,23.3,23.6,23.6,23.7,23.5,23.6,22.2,22.6,21.6,20.8,20.6,20,20.2,19.9,18.6,18.5,17.4,21.2,22.6,21.3,22.4,21.3
Tunisia,0.625,0.627,0.627,0.627,0.627,0.74,0.726,0.726,0.726,0.726,0.911,0.908,0.908,0.908,0.908,1.13,1.2,1.29,1.39,1.56,1.7,1.8,2,2.14,2.32,2.53,2.82,2.89,3.08,3.36,3.59,3.85,4.26,4.69,5.19,5.61,6.2,6.84,7.77,8.69,9.65,10.6,11.4,11.4,11.7,12.1,12.1,12,11.6,11.9,11.8,11,9.83,9.04,8.31,8.16,8.34,9.42,10.9,12.1,12.6,13.5,14.5
Turkey,0.654,0.655,0.655,0.655,0.655,0.776,0.786,0.786,0.786,0.786,1.06,1.08,1.08,1.08,1.08,1.72,1.9,2.06,2.33,2.53,2.6,2.89,3.27,3.56,4.03,4.57,5.53,7.21,9.39,11,12.6,14.7,16.7,19.1,20.9,22.1,23.7,25.4,27,28.3,28.7,29.1,28.6,28.3,28.2,27.6,27.1,25.8,24.5,22.9,22.1,20.5,18.4,17.7,16,14.4,13.7,13.8,14,13.8,14.8,14.5,13.1
Tuvalu,,,,,,,,,,,,,,,,,,,,,,,,,,1.44,1.41,1.38,1.36,1.33,1.31,1.28,1.33,1.58,5.16,5.26,5.24,5.28,6.23,6.54,6.85,6.76,6.87,7.24,7.66,8.98,11,12.8,9.74,7.69,11.4,13.6,13.4,13.3,13.8,18.4,18.4,18.5,,18.3,18.1,17.9,
Tanzania,0.081,0.0809,0.0809,0.0809,0.0809,0.088,0.0879,0.0879,0.0879,0.0879,0.11,0.111,0.111,0.111,0.111,0.167,0.171,0.182,0.194,0.205,0.206,0.205,0.205,0.208,0.217,0.231,0.233,0.244,0.266,0.277,0.279,0.284,0.295,0.299,0.298,0.295,0.298,0.331,0.373,0.447,0.504,0.502,0.445,0.394,0.387,0.391,0.375,0.391,0.289,0.393,0.387,0.347,0.369,0.335,0.298,0.272,0.238,0.226,0.214,0.127,0.117,0.113,0.129
Uganda,0.0919,0.103,0.103,0.103,0.103,0.113,0.125,0.125,0.125,0.125,0.136,0.149,0.149,0.149,0.149,0.171,0.166,0.17,0.178,0.159,0.148,0.151,0.165,0.169,0.143,0.17,0.167,0.163,0.163,0.161,0.159,0.156,0.16,0.107,0.151,0.188,0.226,0.247,0.253,0.246,0.257,0.227,0.215,0.231,0.264,0.313,0.376,0.56,0.552,0.743,1.01,1.4,0.919,0.774,0.893,0.877,0.95,0.654,0.198,0.2,0.204,0.229,0.247
Ukraine,2.81,2.81,2.81,2.81,2.81,3.53,3.53,3.53,3.53,3.53,4.46,4.46,4.46,4.46,4.46,5.74,6.12,6.49,6.86,7.24,7.6,7.97,8.54,9.12,9.65,10.2,10.8,11.3,12.1,13,13.7,14.3,14.7,15.2,15.8,16.3,18.3,18.7,19.5,20.4,21.3,22,22.6,23.3,25.7,24.9,26.6,27.8,28.5,28.3,28.3,27.8,26.9,26.2,24.7,21.3,19.8,16.9,14.4,9.96,7.94,5.51,
Uruguay,4.35,4.33,4.33,4.33,4.33,5.3,5.27,5.27,5.27,5.27,5.73,5.69,5.69,5.69,5.69,6.51,6.68,6.94,6.97,7.21,7.45,7.63,7.82,8.27,8.63,9.52,10.1,10.2,11.2,12.1,13.3,14.4,15.6,16.7,18.2,19.4,20.7,23.5,25.2,27.4,28.2,28.8,28.6,28.3,30.1,30.3,29.7,29,28.8,28.5,28.7,28.7,30,31,31.9,32.5,32.6,33.2,33.7,34,35.1,36.1,36.8
USA,28,26.4,26.4,26.4,26.4,30.7,29.2,29.2,29.2,29.2,34.5,33,33,33,33,38.1,38.8,39.7,40.6,41.4,42.3,46.8,47.2,48,48.4,49.3,49.8,51.2,52.5,53.7,54.9,55.4,56.2,57.2,58.5,60.1,61.9,63.8,65.2,67.9,68.2,67.1,65.6,62.8,60.4,59,55.9,52.3,53.2,49.6,48.1,45.7,43.8,41.7,39.9,38.5,37.1,35.3,33.2,31.8,30.3,29,27.1
Uzbekistan,,,,,,,,,,,,,,,,2.52,2.73,3.12,3.3,3.53,3.64,4.04,4.3,4.55,4.83,5.15,5.44,5.77,6.12,6.72,6.82,6.92,7.08,6.99,6.9,6.71,6.53,6.45,6.34,6.5,6.64,6.59,6.57,6.63,6.67,6.75,6.84,6.67,6.67,6.59,6.61,6.63,6.71,6.67,8.24,9.1,10.9,10.8,10.7,17.2,16.3,16.9,16.4
St. Vincent and the Grenadines,,,,,,,,,,,1.63,1.77,1.77,1.77,1.77,3.05,3.18,3.3,3.34,3.32,3.3,3.44,3.49,3.56,3.57,4.89,5.39,6.26,7.14,8.03,11.7,13,13.8,14.5,15.1,16,16.9,17.9,18.4,20.7,21.9,22.9,24.1,18.7,16.9,20.1,20.3,20.7,20.6,21,19.9,20.9,17.9,17.7,22.4,23.4,19.4,19,18.9,17.1,16.7,11.8,10.6
Venezuela,1.53,1.54,1.54,1.54,1.54,1.84,1.84,1.84,1.84,1.84,2.46,2.45,2.45,2.45,2.45,3.8,4.26,4.42,4.58,4.74,5.26,5.5,5.95,6.19,6.47,6.97,7.4,7.65,7.75,7.6,7.53,7.91,8.85,9.84,10.8,11.1,11.8,12.2,11,10.6,10.4,10.9,11.2,11.5,12.8,13.7,15.6,18.9,23,24.2,24.7,25.2,26,26.1,25.9,25.5,24.9,19.4,18.6,18.5,18.4,11.4,11.1
British Virgin Islands,,,,,,,,,,,8.35,8.14,8.14,8.14,8.14,14.8,13.7,15,16.1,16.4,16.6,,,,17.7,19.7,19.3,24.8,31.3,36.3,41.5,45.7,46.7,47.6,50.8,53.2,53.1,52.7,52.4,52.1,51.7,50.8,55,71.9,76.4,67.1,63.2,58.6,54.5,50.2,46.3,44.8,43.2,42.2,40.9,40,37.6,31.7,20.6,67.3,66,72.5,
Virgin Islands (U.S.),,,,,,,,,,,,,,,,,,,,,,29.5,29.7,29.8,36.7,38.3,40.2,41.4,44.4,46,46.9,50.6,53.3,55.5,57.5,56.4,56.8,58.7,60.7,62.3,63.1,64.3,64.4,65,66.4,67.3,68.1,68.9,69.7,70.4,71.4,,,73,73.6,73.9,,,,75.4,75.7,75.9,
Vietnam,0.0221,0.0221,0.0221,0.0221,0.0221,,0.0221,0.0221,0.0221,0.0221,,0.0221,0.0221,0.0221,0.0221,,,,,,,,0.117,0.119,0.12,0.12,0.124,0.123,0.122,0.122,0.147,0.201,0.219,0.365,0.61,1.05,1.58,1.75,2.26,2.7,3.22,3.82,4.87,5.4,12.3,,10.2,13.2,17.3,20.2,16.4,11.5,10.7,7.45,7.37,7.95,6.01,4.66,4.53,3.82,3.32,3.2,2.43
Vanuatu,,,,,,,,,,,0.575,0.586,0.586,0.586,0.586,0.99,1.02,1.01,1.1,,,,1.28,1.37,1.38,1.18,1.5,1.57,1.6,1.63,1.72,1.97,2.25,2.51,2.65,2.47,2.56,2.68,2.82,2.93,3.46,3.43,3.27,3.16,3.18,3.2,3.36,3.86,4.45,3.01,2.9,2.34,1.88,2.09,2.12,1.74,1.61,1.55,1.4,1.25,1.11,1.14,1.05
Samoa,,,,,,,,,,,,,,,,,,,,,,2.09,2.13,2.16,2.19,2.22,2.25,2.28,2.36,2.38,2.44,2.47,3.83,4.14,4.27,4.46,4.67,4.73,4.7,4.66,4.63,5.21,6.32,7.09,8.72,10.3,,,,,4.11,,4.17,4.19,5.84,5.63,4.71,4.07,,2.83,2.79,2.74,2.05
Yemen,,,,,,,,,,,,,,,,,,,,,0.184,0.254,0.393,0.487,0.546,0.611,0.649,0.681,0.705,0.721,0.931,0.942,0.993,1.07,1.11,1.16,1.23,1.29,1.42,1.57,1.86,2.21,2.76,3.44,3.85,4.23,4.41,4.51,4.12,4.15,4.23,4.22,4.21,4.24,4.21,4.01,3.98,3.96,,3.93,3.84,3.76,
South Africa,3.93,3.8,3.8,3.8,3.8,3.93,3.89,3.89,3.89,3.89,4.1,4.15,4.15,4.15,4.15,4.48,4.64,4.82,5,5.25,5.54,5.92,6.24,6.5,6.57,6.81,7.26,7.39,7.66,7.97,8.31,8.4,8.28,8.45,8.73,9.1,9.54,10.3,11.1,11.8,10.6,10.4,10.3,10.2,10.1,9.99,9.88,9.76,9.64,9.51,9.39,9.26,9.12,7.19,6.67,7.39,8.02,8.49,5.83,3.49,3.57,2.48,2.19
Zambia,0.481,0.488,0.488,0.488,0.488,0.467,0.479,0.479,0.479,0.479,0.542,0.555,0.555,0.555,0.555,0.576,0.555,0.564,0.556,0.553,0.571,0.592,0.596,0.596,0.645,0.655,0.684,0.718,0.802,0.878,0.846,0.875,0.94,0.943,0.942,0.884,0.875,0.847,0.829,0.864,0.842,0.84,0.834,0.816,0.82,0.819,0.78,0.74,0.705,0.678,0.858,0.601,0.56,0.76,0.727,0.715,0.605,0.586,0.563,0.526,0.38,0.338,0.481
Zimbabwe,1.44,1.46,1.46,1.46,1.46,1.46,1.45,1.45,1.45,1.45,1.44,1.42,1.42,1.42,1.42,1.34,1.35,1.34,1.38,1.4,1.36,1.29,1.27,1.27,1.24,1.2,1.2,1.23,1.21,1.23,1.22,1.21,1.19,1.19,1.24,1.39,1.57,1.86,2.05,2.04,2.11,2.13,2.4,2.49,2.61,2.68,2.72,2.77,2.77,3.04,2.95,2.73,2.27,2.24,2.38,2.36,2.12,1.79,1.79,1.73,1.61,1.52,1.79
